Entity,Code,Year,17.1.1 - Total government revenue (budgetary central government) as a proportion of GDP (%) - GR_G14_GDP
Afghanistan,AFG,2003,12.1
Afghanistan,AFG,2004,17.62
Afghanistan,AFG,2005,18.09
Afghanistan,AFG,2006,30.22
Afghanistan,AFG,2007,36.64
Afghanistan,AFG,2008,87.92
Afghanistan,AFG,2009,74.57
Afghanistan,AFG,2010,85.78
Afghanistan,AFG,2011,95.79
Afghanistan,AFG,2012,66.88
Afghanistan,AFG,2013,68.79
Afghanistan,AFG,2014,57.38
Afghanistan,AFG,2015,54.09
Afghanistan,AFG,2016,48.44
Afghanistan,AFG,2017,45.25
Africa (UN),,2000,22.69
Africa (UN),,2001,20.64
Africa (UN),,2002,21.44
Africa (UN),,2003,21.89
Africa (UN),,2004,22.22
Africa (UN),,2005,23.02
Africa (UN),,2006,28.3
Africa (UN),,2007,29.61
Africa (UN),,2008,26.55
Africa (UN),,2009,23.19
Africa (UN),,2010,24.3
Africa (UN),,2011,24.35
Africa (UN),,2012,23.21
Africa (UN),,2013,23.19
Africa (UN),,2014,23.57
Africa (UN),,2015,21.88
Africa (UN),,2016,21.54
Africa (UN),,2017,21.66
Africa (UN),,2018,21.41
Africa (UN),,2019,22.09
Africa (UN),,2020,21.03
Algeria,DZA,2000,38.27
Algeria,DZA,2001,35.62
Algeria,DZA,2002,35.45
Algeria,DZA,2003,38.09
Algeria,DZA,2004,36.63
Algeria,DZA,2005,41.16
Algeria,DZA,2006,42.95
Algeria,DZA,2007,39.73
Algeria,DZA,2008,47.19
Algeria,DZA,2009,37.53
Algeria,DZA,2010,37.05
Algeria,DZA,2011,40.42
Angola,AGO,2000,43.16
Angola,AGO,2001,34.04
Angola,AGO,2002,26.62
Angola,AGO,2003,29.58
Angola,AGO,2004,27.7
Angola,AGO,2005,24.43
Angola,AGO,2006,46.1
Angola,AGO,2007,44.99
Angola,AGO,2008,42.67
Angola,AGO,2009,22.25
Angola,AGO,2010,34.99
Angola,AGO,2011,44.59
Angola,AGO,2012,36.23
Angola,AGO,2013,35.71
Angola,AGO,2014,30.88
Angola,AGO,2015,18.78
Angola,AGO,2016,15.72
Angola,AGO,2017,16.36
Angola,AGO,2018,21.04
Angola,AGO,2019,20.22
Anguilla,AIA,2000,20.07
Anguilla,AIA,2001,18.85
Anguilla,AIA,2002,20.2
Anguilla,AIA,2003,19.11
Anguilla,AIA,2004,21.91
Anguilla,AIA,2005,21.23
Anguilla,AIA,2006,25.62
Anguilla,AIA,2007,21.93
Anguilla,AIA,2008,22.3
Anguilla,AIA,2009,19.44
Anguilla,AIA,2010,26.25
Anguilla,AIA,2011,26.13
Anguilla,AIA,2012,25.32
Anguilla,AIA,2013,24.86
Anguilla,AIA,2014,24.13
Anguilla,AIA,2015,21.83
Anguilla,AIA,2016,22.31
Anguilla,AIA,2017,29.13
Antigua and Barbuda,ATG,2000,17.72
Antigua and Barbuda,ATG,2001,17
Antigua and Barbuda,ATG,2002,19.16
Antigua and Barbuda,ATG,2003,18.79
Antigua and Barbuda,ATG,2004,19.28
Antigua and Barbuda,ATG,2005,18.66
Antigua and Barbuda,ATG,2006,21.7
Antigua and Barbuda,ATG,2007,21.03
Antigua and Barbuda,ATG,2008,20.73
Antigua and Barbuda,ATG,2009,18.03
Antigua and Barbuda,ATG,2010,22
Antigua and Barbuda,ATG,2011,20.08
Antigua and Barbuda,ATG,2012,19.77
Antigua and Barbuda,ATG,2013,18.56
Antigua and Barbuda,ATG,2014,19.64
Argentina,ARG,2000,12.68
Argentina,ARG,2001,12.32
Argentina,ARG,2002,21.25
Argentina,ARG,2003,24.71
Argentina,ARG,2004,27.14
Argentina,ARG,2005,16.68
Argentina,ARG,2006,17.27
Argentina,ARG,2007,17.98
Argentina,ARG,2008,19
Argentina,ARG,2009,20.94
Argentina,ARG,2010,21.31
Argentina,ARG,2011,20.21
Argentina,ARG,2012,21.19
Argentina,ARG,2013,21.58
Argentina,ARG,2014,22.34
Argentina,ARG,2015,22.16
Argentina,ARG,2016,21.37
Argentina,ARG,2017,19.37
Argentina,ARG,2018,17.72
Argentina,ARG,2019,18.55
Argentina,ARG,2020,17.32
Armenia,ARM,2003,17.98
Armenia,ARM,2004,19.57
Armenia,ARM,2005,20.51
Armenia,ARM,2006,21
Armenia,ARM,2007,22.79
Armenia,ARM,2008,23.81
Armenia,ARM,2009,23.72
Armenia,ARM,2010,24.24
Armenia,ARM,2011,25.6
Armenia,ARM,2012,24.22
Armenia,ARM,2013,24.56
Armenia,ARM,2014,25.93
Armenia,ARM,2015,25.06
Armenia,ARM,2016,24.91
Armenia,ARM,2017,23.54
Armenia,ARM,2018,23.4
Armenia,ARM,2019,25.25
Armenia,ARM,2020,26.21
Asia (UN),,2000,21.28
Asia (UN),,2001,21.94
Asia (UN),,2002,22.2
Asia (UN),,2003,21.51
Asia (UN),,2004,22.96
Asia (UN),,2005,23.82
Asia (UN),,2006,24.26
Asia (UN),,2007,25.53
Asia (UN),,2008,27.63
Asia (UN),,2009,26.48
Asia (UN),,2010,34.49
Asia (UN),,2011,36.6
Asia (UN),,2012,36.02
Asia (UN),,2013,33.32
Asia (UN),,2014,30.37
Asia (UN),,2015,26.69
Asia (UN),,2016,25.29
Asia (UN),,2017,25.76
Asia (UN),,2018,26.63
Asia (UN),,2019,28.17
Asia (UN),,2020,24.1
Australia,AUS,2000,35.39
Australia,AUS,2001,35.26
Australia,AUS,2002,33.71
Australia,AUS,2003,34.59
Australia,AUS,2004,34.86
Australia,AUS,2005,34.95
Australia,AUS,2006,35.07
Australia,AUS,2007,34.46
Australia,AUS,2008,34.1
Australia,AUS,2009,33.22
Australia,AUS,2010,30.87
Australia,AUS,2011,30.58
Australia,AUS,2012,32
Australia,AUS,2013,32.98
Australia,AUS,2014,33.39
Australia,AUS,2015,33.89
Australia,AUS,2016,33.94
Australia,AUS,2017,33.75
Australia,AUS,2018,34.59
Australia,AUS,2019,34.8
Australia,AUS,2020,34.8
Austria,AUT,2000,48.54
Austria,AUT,2001,50.59
Austria,AUT,2002,49.58
Austria,AUT,2003,49.41
Austria,AUT,2004,48.83
Austria,AUT,2005,48.57
Austria,AUT,2006,47.79
Austria,AUT,2007,47.82
Austria,AUT,2008,48.34
Austria,AUT,2009,48.66
Austria,AUT,2010,48.31
Austria,AUT,2011,48.28
Austria,AUT,2012,48.98
Austria,AUT,2013,49.65
Austria,AUT,2014,49.64
Austria,AUT,2015,50.04
Austria,AUT,2016,48.48
Austria,AUT,2017,48.44
Austria,AUT,2018,48.86
Austria,AUT,2019,49.12
Austria,AUT,2020,48.77
Azerbaijan,AZE,2008,49.52
Azerbaijan,AZE,2009,41.14
Azerbaijan,AZE,2010,46.99
Azerbaijan,AZE,2011,45.62
Azerbaijan,AZE,2012,41.43
Azerbaijan,AZE,2013,40.55
Azerbaijan,AZE,2014,40.06
Azerbaijan,AZE,2015,34.38
Azerbaijan,AZE,2016,35.25
Azerbaijan,AZE,2017,35.34
Azerbaijan,AZE,2018,39.72
Azerbaijan,AZE,2019,43.24
Bahamas,BHS,2000,11.6
Bahamas,BHS,2001,11.05
Bahamas,BHS,2002,9.99
Bahamas,BHS,2003,10.16
Bahamas,BHS,2004,10.43
Bahamas,BHS,2005,11.23
Bahamas,BHS,2006,12.59
Bahamas,BHS,2007,12.58
Bahamas,BHS,2008,13.57
Bahamas,BHS,2009,13.19
Bahamas,BHS,2010,12.81
Bahamas,BHS,2011,14.42
Bahamas,BHS,2012,14.17
Bahamas,BHS,2013,13.09
Bahamas,BHS,2014,13.23
Bahamas,BHS,2015,14.79
Bahamas,BHS,2016,16.68
Bahamas,BHS,2017,16.57
Bahamas,BHS,2018,15.68
Bahamas,BHS,2019,17.87
Bahamas,BHS,2020,18.55
Bahrain,BHR,2000,31.82
Bahrain,BHR,2001,29.13
Bahrain,BHR,2002,28.43
Bahrain,BHR,2003,27.49
Bahrain,BHR,2004,27.04
Bahrain,BHR,2005,27.84
Bahrain,BHR,2006,26.44
Bahrain,BHR,2007,24.93
Bahrain,BHR,2008,27.7
Bahrain,BHR,2009,19.8
Bahrain,BHR,2010,22.5
Bahrain,BHR,2011,26.05
Bahrain,BHR,2012,26.22
Bahrain,BHR,2013,24.04
Bahrain,BHR,2014,24.61
Bahrain,BHR,2015,17.49
Bahrain,BHR,2016,15.66
Bahrain,BHR,2017,16.5
Bahrain,BHR,2018,19.6
Bahrain,BHR,2019,20.06
Bahrain,BHR,2020,16.34
Bangladesh,BGD,2001,9.11
Bangladesh,BGD,2002,9.42
Bangladesh,BGD,2003,9.65
Bangladesh,BGD,2004,8.99
Bangladesh,BGD,2005,9.3
Bangladesh,BGD,2006,9.1
Bangladesh,BGD,2007,9.1
Bangladesh,BGD,2008,9.9
Bangladesh,BGD,2009,9.89
Bangladesh,BGD,2010,10.15
Bangladesh,BGD,2011,10.73
Bangladesh,BGD,2012,11.49
Bangladesh,BGD,2013,11.73
Bangladesh,BGD,2014,11.3
Bangladesh,BGD,2015,10
Bangladesh,BGD,2016,10.33
Bangladesh,BGD,2017,9.56
Bangladesh,BGD,2018,10.28
Bangladesh,BGD,2019,10.35
Bangladesh,BGD,2020,10.09
Barbados,BRB,2003,35.46
Barbados,BRB,2004,35.81
Barbados,BRB,2005,27.99
Barbados,BRB,2006,26.36
Barbados,BRB,2007,27.1
Barbados,BRB,2008,27.4
Barbados,BRB,2009,28.35
Barbados,BRB,2010,26.61
Barbados,BRB,2011,27.89
Barbados,BRB,2012,26.32
Barbados,BRB,2013,24.73
Barbados,BRB,2014,25.52
Barbados,BRB,2015,26.91
Barbados,BRB,2016,29.73
Belarus,BLR,2000,27.7
Belarus,BLR,2001,27.53
Belarus,BLR,2002,25.75
Belarus,BLR,2003,44.31
Belarus,BLR,2004,45.98
Belarus,BLR,2005,47.19
Belarus,BLR,2006,48.16
Belarus,BLR,2007,49.11
Belarus,BLR,2008,50.3
Belarus,BLR,2009,45.69
Belarus,BLR,2010,41.46
Belarus,BLR,2011,38.49
Belarus,BLR,2012,40.71
Belarus,BLR,2013,41.39
Belarus,BLR,2014,40.19
Belarus,BLR,2015,41.89
Belarus,BLR,2016,42.15
Belarus,BLR,2017,43.52
Belarus,BLR,2018,44.68
Belarus,BLR,2019,43.18
Belarus,BLR,2020,40.76
Belgium,BEL,2000,48.87
Belgium,BEL,2001,49.15
Belgium,BEL,2002,49.39
Belgium,BEL,2003,48.7
Belgium,BEL,2004,48.6
Belgium,BEL,2005,48.66
Belgium,BEL,2006,48.55
Belgium,BEL,2007,48.14
Belgium,BEL,2008,49.16
Belgium,BEL,2009,48.62
Belgium,BEL,2010,49.2
Belgium,BEL,2011,50.41
Belgium,BEL,2012,51.56
Belgium,BEL,2013,52.39
Belgium,BEL,2014,51.86
Belgium,BEL,2015,50.64
Belgium,BEL,2016,50.03
Belgium,BEL,2017,50.61
Belgium,BEL,2018,50.63
Belgium,BEL,2019,49.41
Belgium,BEL,2020,50
Belize,BLZ,2000,21.79
Belize,BLZ,2001,21.82
Belize,BLZ,2002,22.31
Belize,BLZ,2003,22.62
Belize,BLZ,2004,22.23
Belize,BLZ,2005,24.75
Belize,BLZ,2006,25.49
Belize,BLZ,2007,28.33
Belize,BLZ,2008,27.49
Belize,BLZ,2009,26.45
Belize,BLZ,2010,27.71
Belize,BLZ,2011,27.82
Belize,BLZ,2012,25.61
Belize,BLZ,2013,29.2
Belize,BLZ,2014,29.2
Belize,BLZ,2015,27.94
Belize,BLZ,2016,28.81
Belize,BLZ,2017,29.9
Benin,BEN,2001,16.63
Benin,BEN,2002,15.79
Benin,BEN,2003,16.94
Benin,BEN,2004,17.77
Benin,BEN,2005,16.68
Benin,BEN,2006,17.1
Benin,BEN,2007,21.8
Benin,BEN,2008,19.07
Benin,BEN,2009,18.86
Benin,BEN,2010,18.78
Benin,BEN,2011,18.35
Benin,BEN,2012,16.85
Benin,BEN,2013,17.75
Bhutan,BTN,2000,42.2
Bhutan,BTN,2001,42.09
Bhutan,BTN,2002,37.34
Bhutan,BTN,2003,26.25
Bhutan,BTN,2004,35.12
Bhutan,BTN,2005,31.6
Bhutan,BTN,2006,35.58
Bhutan,BTN,2007,36.22
Bhutan,BTN,2008,35.94
Bhutan,BTN,2009,36.45
Bhutan,BTN,2010,40.9
Bhutan,BTN,2011,36.27
Bhutan,BTN,2012,36.82
Bhutan,BTN,2013,30.91
Bhutan,BTN,2014,34.13
Bhutan,BTN,2015,28.72
Bhutan,BTN,2016,30.8
Bhutan,BTN,2017,28.07
Bhutan,BTN,2018,32.59
Bhutan,BTN,2019,27.09
Bhutan,BTN,2020,30.76
Bolivia,BOL,2000,24.64
Bolivia,BOL,2001,24.59
Bolivia,BOL,2002,27.31
Bolivia,BOL,2003,28.38
Bolivia,BOL,2004,30.36
Bolivia,BOL,2005,34.56
Bolivia,BOL,2006,49.59
Bolivia,BOL,2007,36.8
Bosnia and Herzegovina,BIH,2003,23.96
Bosnia and Herzegovina,BIH,2004,22.84
Bosnia and Herzegovina,BIH,2005,41.41
Bosnia and Herzegovina,BIH,2006,44.2
Bosnia and Herzegovina,BIH,2007,44.91
Bosnia and Herzegovina,BIH,2008,43.64
Bosnia and Herzegovina,BIH,2009,41.74
Bosnia and Herzegovina,BIH,2010,42.86
Bosnia and Herzegovina,BIH,2011,43.33
Bosnia and Herzegovina,BIH,2012,43.75
Bosnia and Herzegovina,BIH,2013,42.66
Bosnia and Herzegovina,BIH,2014,43.81
Bosnia and Herzegovina,BIH,2015,43.15
Bosnia and Herzegovina,BIH,2016,42.7
Bosnia and Herzegovina,BIH,2017,42.96
Bosnia and Herzegovina,BIH,2018,43.06
Bosnia and Herzegovina,BIH,2019,42.55
Bosnia and Herzegovina,BIH,2020,43.43
Botswana,BWA,2006,48.06
Botswana,BWA,2007,44.11
Botswana,BWA,2008,42.16
Botswana,BWA,2009,42.28
Botswana,BWA,2010,38.05
Botswana,BWA,2011,37.95
Botswana,BWA,2012,39.3
Botswana,BWA,2013,40.54
Botswana,BWA,2014,39.74
Botswana,BWA,2015,35.3
Botswana,BWA,2016,34.87
Botswana,BWA,2017,33.84
Botswana,BWA,2018,30.97
Botswana,BWA,2019,30.4
Botswana,BWA,2020,28.59
Brazil,BRA,2010,39.06
Brazil,BRA,2011,39.73
Brazil,BRA,2012,40.25
Brazil,BRA,2013,39.57
Brazil,BRA,2014,38.48
Brazil,BRA,2015,40.35
Brazil,BRA,2016,41.01
Brazil,BRA,2017,39.79
Brazil,BRA,2018,40.5
Brazil,BRA,2019,41.68
Brazil,BRA,2020,38.76
Bulgaria,BGR,2000,43.09
Bulgaria,BGR,2001,41.31
Bulgaria,BGR,2002,38.05
Bulgaria,BGR,2003,38.53
Bulgaria,BGR,2004,39.61
Bulgaria,BGR,2005,38.36
Bulgaria,BGR,2006,36.33
Bulgaria,BGR,2007,37.71
Bulgaria,BGR,2008,38.5
Bulgaria,BGR,2009,34.83
Bulgaria,BGR,2010,32.65
Bulgaria,BGR,2011,32.11
Bulgaria,BGR,2012,33.62
Bulgaria,BGR,2013,37.17
Bulgaria,BGR,2014,37.91
Bulgaria,BGR,2015,38.62
Bulgaria,BGR,2016,35.17
Bulgaria,BGR,2017,36.53
Bulgaria,BGR,2018,38.75
Bulgaria,BGR,2019,37.81
Bulgaria,BGR,2020,38.24
Burkina Faso,BFA,2002,13.86
Burkina Faso,BFA,2003,15.83
Burkina Faso,BFA,2004,16.28
Burkina Faso,BFA,2005,15.37
Burkina Faso,BFA,2006,16.59
Burkina Faso,BFA,2007,18
Burkina Faso,BFA,2008,14.96
Burkina Faso,BFA,2009,17.36
Burkina Faso,BFA,2010,17.6
Burkina Faso,BFA,2011,18.4
Burkina Faso,BFA,2012,19.9
Burkina Faso,BFA,2013,21.71
Burkina Faso,BFA,2014,19.19
Burkina Faso,BFA,2015,18.26
Burkina Faso,BFA,2016,18.55
Burkina Faso,BFA,2017,18.98
Burkina Faso,BFA,2018,19.06
Burkina Faso,BFA,2019,20.09
Burkina Faso,BFA,2020,19.4
Burundi,BDI,2010,45.55
Burundi,BDI,2011,38.12
Burundi,BDI,2012,27.71
Burundi,BDI,2013,25.17
Cambodia,KHM,2002,14.12
Cambodia,KHM,2003,11.45
Cambodia,KHM,2004,11.65
Cambodia,KHM,2005,12.17
Cambodia,KHM,2006,11.39
Cambodia,KHM,2007,13.34
Cambodia,KHM,2008,14.77
Cambodia,KHM,2009,15.17
Cambodia,KHM,2010,16.52
Cambodia,KHM,2011,15.12
Cambodia,KHM,2012,18.37
Cambodia,KHM,2013,17.89
Cambodia,KHM,2014,19.14
Cambodia,KHM,2015,18.52
Cambodia,KHM,2016,19.84
Cambodia,KHM,2017,20.46
Cambodia,KHM,2018,22.06
Cambodia,KHM,2019,27.71
Cambodia,KHM,2020,22.37
Cameroon,CMR,2012,16.82
Cameroon,CMR,2013,16.78
Cameroon,CMR,2014,17.25
Cameroon,CMR,2015,16.19
Cameroon,CMR,2016,15.32
Cameroon,CMR,2017,15.47
Cameroon,CMR,2018,16.05
Canada,CAN,2000,43.25
Canada,CAN,2001,41.68
Canada,CAN,2002,40.21
Canada,CAN,2003,40.2
Canada,CAN,2004,39.96
Canada,CAN,2005,40.13
Canada,CAN,2006,40.55
Canada,CAN,2007,40.39
Canada,CAN,2008,39.02
Canada,CAN,2009,39.6
Canada,CAN,2010,38.39
Canada,CAN,2011,38.33
Canada,CAN,2012,38.46
Canada,CAN,2013,38.52
Canada,CAN,2014,38.6
Canada,CAN,2015,40.01
Canada,CAN,2016,40.36
Canada,CAN,2017,40.4
Canada,CAN,2018,41.2
Canada,CAN,2019,41.55
Canada,CAN,2020,42.01
Cape Verde,CPV,2005,31.56
Cape Verde,CPV,2006,32.62
Cape Verde,CPV,2007,31.93
Cape Verde,CPV,2008,35.03
Cape Verde,CPV,2009,33.37
Cape Verde,CPV,2010,35.16
Cape Verde,CPV,2011,31.18
Cape Verde,CPV,2012,31.9
Cape Verde,CPV,2013,30.62
Cape Verde,CPV,2014,28.11
Cape Verde,CPV,2015,33.47
Cape Verde,CPV,2016,35.51
Cape Verde,CPV,2017,32.49
Cape Verde,CPV,2018,26.97
Cape Verde,CPV,2019,27.71
Central African Republic,CAF,2004,10.05
Central African Republic,CAF,2008,14.8
Central African Republic,CAF,2009,15.53
Central African Republic,CAF,2010,16.65
Central African Republic,CAF,2011,12.02
Central African Republic,CAF,2012,15.72
Central African Republic,CAF,2014,19.11
Central African Republic,CAF,2015,9.21
Central African Republic,CAF,2016,15.52
Central African Republic,CAF,2017,13.83
Central African Republic,CAF,2018,16.41
Central African Republic,CAF,2019,17.94
Central African Republic,CAF,2020,21.09
Central and Southern Asia (UN),,2000,29.61
Central and Southern Asia (UN),,2001,27.32
Central and Southern Asia (UN),,2002,27.72
Central and Southern Asia (UN),,2003,27.91
Central and Southern Asia (UN),,2004,28.26
Central and Southern Asia (UN),,2005,28.62
Central and Southern Asia (UN),,2006,30.18
Central and Southern Asia (UN),,2007,31.04
Central and Southern Asia (UN),,2008,31.33
Central and Southern Asia (UN),,2009,29.92
Central and Southern Asia (UN),,2010,32.1
Central and Southern Asia (UN),,2011,32.82
Central and Southern Asia (UN),,2012,32.62
Central and Southern Asia (UN),,2013,32.54
Central and Southern Asia (UN),,2014,32.49
Central and Southern Asia (UN),,2015,30.9
Central and Southern Asia (UN),,2016,30.5
Central and Southern Asia (UN),,2017,30.55
Central and Southern Asia (UN),,2018,31.25
Central and Southern Asia (UN),,2019,32.35
Central and Southern Asia (UN),,2020,32.25
Chad,TCD,2020,19.68
Chile,CHL,2000,22.92
Chile,CHL,2001,23.04
Chile,CHL,2002,22.41
Chile,CHL,2003,22.24
Chile,CHL,2004,22.93
Chile,CHL,2005,24.83
Chile,CHL,2006,26.22
Chile,CHL,2007,27.8
Chile,CHL,2008,25.93
Chile,CHL,2009,20.57
Chile,CHL,2010,23.03
Chile,CHL,2011,24.24
Chile,CHL,2012,23.78
Chile,CHL,2013,22.54
Chile,CHL,2014,22.26
Chile,CHL,2015,22.81
Chile,CHL,2016,22.63
Chile,CHL,2017,22.99
Chile,CHL,2018,23.97
Chile,CHL,2019,23.65
Chile,CHL,2020,22.05
China,CHN,2000,7.65
China,CHN,2001,8.35
China,CHN,2002,9.13
China,CHN,2003,9.13
China,CHN,2004,9.76
China,CHN,2005,25.69
China,CHN,2006,26.92
China,CHN,2007,34.58
China,CHN,2008,26.29
China,CHN,2009,27.05
China,CHN,2010,27.16
China,CHN,2011,27.47
China,CHN,2012,28.26
China,CHN,2013,28.5
China,CHN,2014,28.65
China,CHN,2015,28.92
China,CHN,2016,28.16
China,CHN,2017,27.81
China,CHN,2018,28.15
China,CHN,2019,27.27
China,CHN,2020,24.53
Colombia,COL,2000,21.53
Colombia,COL,2001,15.29
Colombia,COL,2002,14.14
Colombia,COL,2003,26.75
Colombia,COL,2004,19.87
Colombia,COL,2005,18.73
Colombia,COL,2006,21.9
Colombia,COL,2007,24.27
Colombia,COL,2008,27.13
Colombia,COL,2009,26.29
Colombia,COL,2010,26.81
Colombia,COL,2011,28.69
Colombia,COL,2012,31.91
Colombia,COL,2013,29.4
Colombia,COL,2014,29.35
Colombia,COL,2015,29.77
Colombia,COL,2016,29.04
Colombia,COL,2017,27.99
Colombia,COL,2018,29.1
Colombia,COL,2019,31.54
Colombia,COL,2020,29.46
Costa Rica,CRI,2000,22.26
Costa Rica,CRI,2001,22.9
Costa Rica,CRI,2002,23.81
Costa Rica,CRI,2003,23.66
Costa Rica,CRI,2004,23.11
Costa Rica,CRI,2005,23.58
Costa Rica,CRI,2006,24.49
Costa Rica,CRI,2007,24.99
Costa Rica,CRI,2008,25.3
Costa Rica,CRI,2009,24.39
Costa Rica,CRI,2010,23.79
Costa Rica,CRI,2011,24.21
Costa Rica,CRI,2012,24.34
Costa Rica,CRI,2013,24.62
Costa Rica,CRI,2014,24.15
Costa Rica,CRI,2015,24.57
Costa Rica,CRI,2016,24.72
Costa Rica,CRI,2017,24.44
Costa Rica,CRI,2018,24.98
Costa Rica,CRI,2019,25.75
Costa Rica,CRI,2020,24.98
Cote d'Ivoire,CIV,2000,12.05
Cote d'Ivoire,CIV,2001,11.13
Cote d'Ivoire,CIV,2002,11.3
Cote d'Ivoire,CIV,2003,10.51
Cote d'Ivoire,CIV,2004,11.59
Cote d'Ivoire,CIV,2005,11.63
Cote d'Ivoire,CIV,2006,11.61
Cote d'Ivoire,CIV,2007,12.75
Cote d'Ivoire,CIV,2008,13.4
Cote d'Ivoire,CIV,2009,13.62
Cote d'Ivoire,CIV,2010,12.32
Cote d'Ivoire,CIV,2011,9.14
Cote d'Ivoire,CIV,2012,12.3
Cote d'Ivoire,CIV,2013,12.53
Cote d'Ivoire,CIV,2014,11.94
Cote d'Ivoire,CIV,2015,13.21
Cote d'Ivoire,CIV,2016,12.87
Cote d'Ivoire,CIV,2017,14.18
Cote d'Ivoire,CIV,2018,14.3
Cote d'Ivoire,CIV,2019,14.66
Croatia,HRV,2000,46.75
Croatia,HRV,2001,47.68
Croatia,HRV,2002,47.45
Croatia,HRV,2003,45.54
Croatia,HRV,2004,43.9
Croatia,HRV,2005,43.34
Croatia,HRV,2006,43.52
Croatia,HRV,2007,43.89
Croatia,HRV,2008,43.37
Croatia,HRV,2009,43.11
Croatia,HRV,2010,42.41
Croatia,HRV,2011,41.49
Croatia,HRV,2012,43.37
Croatia,HRV,2013,43.31
Croatia,HRV,2014,43.71
Croatia,HRV,2015,45.41
Croatia,HRV,2016,46.54
Croatia,HRV,2017,46.08
Croatia,HRV,2018,46.34
Croatia,HRV,2019,47.47
Croatia,HRV,2020,48.03
Cyprus,CYP,2000,32.25
Cyprus,CYP,2001,33.22
Cyprus,CYP,2002,32.9
Cyprus,CYP,2003,34.62
Cyprus,CYP,2004,34.86
Cyprus,CYP,2005,37.1
Cyprus,CYP,2006,37.67
Cyprus,CYP,2007,40.82
Cyprus,CYP,2008,39.27
Cyprus,CYP,2009,36.67
Cyprus,CYP,2010,37.11
Cyprus,CYP,2011,36.53
Cyprus,CYP,2012,36.44
Cyprus,CYP,2013,37.36
Cyprus,CYP,2014,40.58
Cyprus,CYP,2015,39.37
Cyprus,CYP,2016,37.45
Cyprus,CYP,2017,38.43
Cyprus,CYP,2018,39.24
Cyprus,CYP,2019,40.65
Cyprus,CYP,2020,40.4
Czechia,CZE,2000,36.79
Czechia,CZE,2001,37.12
Czechia,CZE,2002,37.78
Czechia,CZE,2003,41.72
Czechia,CZE,2004,39.42
Czechia,CZE,2005,38.74
Czechia,CZE,2006,38.69
Czechia,CZE,2007,39.17
Czechia,CZE,2008,38.37
Czechia,CZE,2009,38.32
Czechia,CZE,2010,38.85
Czechia,CZE,2011,39.86
Czechia,CZE,2012,40.12
Czechia,CZE,2013,40.58
Czechia,CZE,2014,39.77
Czechia,CZE,2015,40.54
Czechia,CZE,2016,39.75
Czechia,CZE,2017,39.77
Czechia,CZE,2018,40.74
Czechia,CZE,2019,40.56
Czechia,CZE,2020,40.75
Democratic Republic of Congo,COD,2000,1.32
Democratic Republic of Congo,COD,2001,6.66
Democratic Republic of Congo,COD,2002,9.82
Democratic Republic of Congo,COD,2003,12.29
Democratic Republic of Congo,COD,2004,13.04
Democratic Republic of Congo,COD,2005,20.09
Democratic Republic of Congo,COD,2006,17.97
Democratic Republic of Congo,COD,2007,17.62
Democratic Republic of Congo,COD,2008,19.14
Democratic Republic of Congo,COD,2009,20.76
Democratic Republic of Congo,COD,2010,20.65
Democratic Republic of Congo,COD,2012,18.87
Democratic Republic of Congo,COD,2013,17.31
Democratic Republic of Congo,COD,2014,16.2
Democratic Republic of Congo,COD,2015,15.44
Democratic Republic of Congo,COD,2016,13.07
Democratic Republic of Congo,COD,2017,9.52
Democratic Republic of Congo,COD,2018,11.12
Democratic Republic of Congo,COD,2019,11.19
Denmark,DNK,2000,54.57
Denmark,DNK,2001,53.98
Denmark,DNK,2002,53.2
Denmark,DNK,2003,53.51
Denmark,DNK,2004,55.07
Denmark,DNK,2005,56.2
Denmark,DNK,2006,54.82
Denmark,DNK,2007,54.61
Denmark,DNK,2008,53.58
Denmark,DNK,2009,53.74
Denmark,DNK,2010,53.96
Denmark,DNK,2011,54.37
Denmark,DNK,2012,54.46
Denmark,DNK,2013,54.58
Denmark,DNK,2014,56.36
Denmark,DNK,2015,53.2
Denmark,DNK,2016,52.37
Denmark,DNK,2017,52.34
Denmark,DNK,2018,51.31
Denmark,DNK,2019,53.58
Denmark,DNK,2020,53.25
Dominica,DMA,2000,26.62
Dominica,DMA,2001,24.84
Dominica,DMA,2002,23
Dominica,DMA,2003,25.63
Dominica,DMA,2004,30.11
Dominica,DMA,2005,26.76
Dominica,DMA,2006,31.58
Dominica,DMA,2007,32.48
Dominica,DMA,2008,33.62
Dominica,DMA,2009,31.19
Dominica,DMA,2010,29.31
Dominica,DMA,2011,28.76
Dominica,DMA,2012,27.48
Dominica,DMA,2013,27.93
Dominica,DMA,2014,31.82
Dominica,DMA,2015,29.99
Dominica,DMA,2016,49.17
Dominica,DMA,2017,41.95
Dominican Republic,DOM,2000,13.91
Dominican Republic,DOM,2001,14.86
Dominican Republic,DOM,2002,14.69
Dominican Republic,DOM,2003,13.4
Dominican Republic,DOM,2004,14.2
Dominican Republic,DOM,2005,15.2
Dominican Republic,DOM,2006,15.58
Dominican Republic,DOM,2007,16.9
Dominican Republic,DOM,2008,15.69
Dominican Republic,DOM,2009,14.31
Dominican Republic,DOM,2010,14.44
Dominican Republic,DOM,2011,14.4
Dominican Republic,DOM,2012,14.82
Dominican Republic,DOM,2013,15.21
Dominican Republic,DOM,2014,15.15
Dominican Republic,DOM,2015,17.67
Dominican Republic,DOM,2016,15.3
Dominican Republic,DOM,2017,15.21
Dominican Republic,DOM,2018,15.23
Dominican Republic,DOM,2019,15.48
Eastern and South-Eastern Asia (UN),,2000,29.47
Eastern and South-Eastern Asia (UN),,2001,27.19
Eastern and South-Eastern Asia (UN),,2002,27.57
Eastern and South-Eastern Asia (UN),,2003,27.78
Eastern and South-Eastern Asia (UN),,2004,28.13
Eastern and South-Eastern Asia (UN),,2005,28.53
Eastern and South-Eastern Asia (UN),,2006,30.09
Eastern and South-Eastern Asia (UN),,2007,30.95
Eastern and South-Eastern Asia (UN),,2008,31.23
Eastern and South-Eastern Asia (UN),,2009,29.82
Eastern and South-Eastern Asia (UN),,2010,32.01
Eastern and South-Eastern Asia (UN),,2011,32.73
Eastern and South-Eastern Asia (UN),,2012,32.54
Eastern and South-Eastern Asia (UN),,2013,32.45
Eastern and South-Eastern Asia (UN),,2014,32.41
Eastern and South-Eastern Asia (UN),,2015,30.82
Eastern and South-Eastern Asia (UN),,2016,30.43
Eastern and South-Eastern Asia (UN),,2017,30.47
Eastern and South-Eastern Asia (UN),,2018,31.16
Eastern and South-Eastern Asia (UN),,2019,32.25
Eastern and South-Eastern Asia (UN),,2020,32.12
Ecuador,ECU,2019,22.8
Ecuador,ECU,2020,19.67
Egypt,EGY,2000,20.77
Egypt,EGY,2001,19.71
Egypt,EGY,2002,24.07
Egypt,EGY,2003,24.78
Egypt,EGY,2004,24.21
Egypt,EGY,2005,23.33
Egypt,EGY,2006,27
Egypt,EGY,2007,26.21
Egypt,EGY,2008,26.43
Egypt,EGY,2009,26.33
Egypt,EGY,2010,23.91
Egypt,EGY,2011,20.95
Egypt,EGY,2012,20.83
Egypt,EGY,2013,21.7
Egypt,EGY,2014,24.38
Egypt,EGY,2015,22.03
El Salvador,SLV,2000,187.53
El Salvador,SLV,2001,21.15
El Salvador,SLV,2002,18.8
El Salvador,SLV,2003,18.12
El Salvador,SLV,2004,19.06
El Salvador,SLV,2005,19.71
El Salvador,SLV,2006,21.23
El Salvador,SLV,2007,24.22
El Salvador,SLV,2008,25.68
El Salvador,SLV,2009,22.4
El Salvador,SLV,2010,23.37
El Salvador,SLV,2011,25.16
El Salvador,SLV,2012,24.09
El Salvador,SLV,2013,25.8
El Salvador,SLV,2014,22.61
El Salvador,SLV,2015,22.38
El Salvador,SLV,2016,25.38
El Salvador,SLV,2017,26.41
El Salvador,SLV,2018,26.1
El Salvador,SLV,2019,25.22
Equatorial Guinea,GNQ,2006,39.89
Equatorial Guinea,GNQ,2007,36.85
Equatorial Guinea,GNQ,2008,34.51
Equatorial Guinea,GNQ,2009,33.37
Equatorial Guinea,GNQ,2010,26.65
Equatorial Guinea,GNQ,2011,28.31
Equatorial Guinea,GNQ,2012,27.95
Equatorial Guinea,GNQ,2013,25.01
Equatorial Guinea,GNQ,2014,24.21
Equatorial Guinea,GNQ,2015,26.36
Equatorial Guinea,GNQ,2016,16.81
Equatorial Guinea,GNQ,2017,17.4
Equatorial Guinea,GNQ,2018,19.53
Equatorial Guinea,GNQ,2019,19.18
Equatorial Guinea,GNQ,2020,14.95
Estonia,EST,2000,35.93
Estonia,EST,2001,34.76
Estonia,EST,2002,35.88
Estonia,EST,2003,36.41
Estonia,EST,2004,36.05
Estonia,EST,2005,34.39
Estonia,EST,2006,35.87
Estonia,EST,2007,36.02
Estonia,EST,2008,36.29
Estonia,EST,2009,43.09
Estonia,EST,2010,39.88
Estonia,EST,2011,37.87
Estonia,EST,2012,38.28
Estonia,EST,2013,37.9
Estonia,EST,2014,37.79
Estonia,EST,2015,38.95
Estonia,EST,2016,38.32
Estonia,EST,2017,38.09
Estonia,EST,2018,38.22
Estonia,EST,2019,38.86
Estonia,EST,2020,39.51
Eswatini,SWZ,2000,19.87
Eswatini,SWZ,2001,19.54
Eswatini,SWZ,2002,18.53
Eswatini,SWZ,2003,19.51
Eswatini,SWZ,2004,23.46
Eswatini,SWZ,2005,23.12
Eswatini,SWZ,2006,32.23
Eswatini,SWZ,2007,29.25
Eswatini,SWZ,2008,31.48
Eswatini,SWZ,2009,26.84
Eswatini,SWZ,2010,17.15
Eswatini,SWZ,2011,17.17
Eswatini,SWZ,2012,28.87
Eswatini,SWZ,2014,31.08
Eswatini,SWZ,2015,28.18
Eswatini,SWZ,2016,25.54
Eswatini,SWZ,2017,28.69
Eswatini,SWZ,2018,25.43
Eswatini,SWZ,2019,27.5
Eswatini,SWZ,2020,28.92
Ethiopia,ETH,2001,15.98
Ethiopia,ETH,2002,18.5
Ethiopia,ETH,2003,15.71
Ethiopia,ETH,2004,18.4
Ethiopia,ETH,2005,15.9
Ethiopia,ETH,2006,10.29
Ethiopia,ETH,2007,9.74
Ethiopia,ETH,2008,14.71
Ethiopia,ETH,2009,14.14
Ethiopia,ETH,2010,15.65
Ethiopia,ETH,2011,15.04
Ethiopia,ETH,2012,11.72
Ethiopia,ETH,2013,12.8
Ethiopia,ETH,2014,11.92
Ethiopia,ETH,2015,11.16
Ethiopia,ETH,2016,11.18
Ethiopia,ETH,2017,10.28
Ethiopia,ETH,2018,10.16
Ethiopia,ETH,2019,9.65
Ethiopia,ETH,2020,8.93
Europe (UN),,2000,40.88
Europe (UN),,2001,40.49
Europe (UN),,2002,40.18
Europe (UN),,2003,39.97
Europe (UN),,2004,40.08
Europe (UN),,2005,41.15
Europe (UN),,2006,41.43
Europe (UN),,2007,41.7
Europe (UN),,2008,41.68
Europe (UN),,2009,40.89
Europe (UN),,2010,40.55
Europe (UN),,2011,40.71
Europe (UN),,2012,41.44
Europe (UN),,2013,41.67
Europe (UN),,2014,41.8
Europe (UN),,2015,41.64
Europe (UN),,2016,41.59
Europe (UN),,2017,41.25
Europe (UN),,2018,41.62
Europe (UN),,2019,41.56
Europe (UN),,2020,41.59
Europe and Northern America (UN),,2000,29.39
Europe and Northern America (UN),,2001,27.19
Europe and Northern America (UN),,2002,27.56
Europe and Northern America (UN),,2003,27.88
Europe and Northern America (UN),,2004,28.17
Europe and Northern America (UN),,2005,28.58
Europe and Northern America (UN),,2006,30.2
Europe and Northern America (UN),,2007,31.22
Europe and Northern America (UN),,2008,31.49
Europe and Northern America (UN),,2009,30.01
Europe and Northern America (UN),,2010,32.16
Europe and Northern America (UN),,2011,32.88
Europe and Northern America (UN),,2012,32.63
Europe and Northern America (UN),,2013,32.58
Europe and Northern America (UN),,2014,32.56
Europe and Northern America (UN),,2015,31.02
Europe and Northern America (UN),,2016,30.57
Europe and Northern America (UN),,2017,30.68
Europe and Northern America (UN),,2018,31.42
Europe and Northern America (UN),,2019,32.46
Europe and Northern America (UN),,2020,32.36
Fiji,FJI,2004,22.97
Fiji,FJI,2005,22.21
Fiji,FJI,2006,23.6
Fiji,FJI,2010,22.75
Fiji,FJI,2011,23.7
Fiji,FJI,2012,23.4
Fiji,FJI,2013,23.78
Fiji,FJI,2014,26.12
Fiji,FJI,2015,27.36
Fiji,FJI,2016,26.17
Fiji,FJI,2017,27.52
Fiji,FJI,2018,26.81
Fiji,FJI,2019,25.29
Fiji,FJI,2020,23.29
Finland,FIN,2000,53.93
Finland,FIN,2001,51.33
Finland,FIN,2002,51.54
Finland,FIN,2003,50.81
Finland,FIN,2004,50.35
Finland,FIN,2005,50.65
Finland,FIN,2006,50.97
Finland,FIN,2007,50.65
Finland,FIN,2008,51.02
Finland,FIN,2009,50.48
Finland,FIN,2010,50.25
Finland,FIN,2011,51.54
Finland,FIN,2012,52.18
Finland,FIN,2013,53.23
Finland,FIN,2014,53.25
Finland,FIN,2015,53.15
Finland,FIN,2016,53
Finland,FIN,2017,52
Finland,FIN,2018,51.49
Finland,FIN,2019,51.3
Finland,FIN,2020,50.94
France,FRA,2000,49.74
France,FRA,2001,49.64
France,FRA,2002,48.97
France,FRA,2003,48.62
France,FRA,2004,48.75
France,FRA,2005,49.31
France,FRA,2006,49.83
France,FRA,2007,49.32
France,FRA,2008,49.39
France,FRA,2009,49.28
France,FRA,2010,49.31
France,FRA,2011,50.43
France,FRA,2012,51.46
France,FRA,2013,52.47
France,FRA,2014,52.65
France,FRA,2015,52.5
France,FRA,2016,52.39
France,FRA,2017,52.89
France,FRA,2018,52.7
France,FRA,2019,51.63
France,FRA,2020,51.87
Gabon,GAB,2012,29.79
Gabon,GAB,2013,29.86
Gabon,GAB,2014,25.67
Gabon,GAB,2015,20.08
Gabon,GAB,2016,17.39
Gabon,GAB,2017,17.65
Gabon,GAB,2018,16.78
Gabon,GAB,2019,19.41
Gambia,GMB,2017,19.48
Gambia,GMB,2018,18.49
Georgia,GEO,2000,15
Georgia,GEO,2001,16.11
Georgia,GEO,2002,15.42
Georgia,GEO,2003,15.28
Georgia,GEO,2004,22.44
Georgia,GEO,2005,23.52
Georgia,GEO,2006,26.06
Georgia,GEO,2007,28.46
Georgia,GEO,2008,29.85
Georgia,GEO,2009,28.47
Georgia,GEO,2010,26.88
Georgia,GEO,2011,26.98
Georgia,GEO,2012,27.77
Georgia,GEO,2013,28.37
Georgia,GEO,2014,28.56
Georgia,GEO,2015,30.4
Georgia,GEO,2016,31.06
Georgia,GEO,2017,31.05
Georgia,GEO,2018,28.62
Georgia,GEO,2019,29.23
Georgia,GEO,2020,27.46
Germany,DEU,2000,45.74
Germany,DEU,2001,43.97
Germany,DEU,2002,43.55
Germany,DEU,2003,44.16
Germany,DEU,2004,43.02
Germany,DEU,2005,43.07
Germany,DEU,2006,43.14
Germany,DEU,2007,43.24
Germany,DEU,2008,43.65
Germany,DEU,2009,44.51
Germany,DEU,2010,43.22
Germany,DEU,2011,43.81
Germany,DEU,2012,44.34
Germany,DEU,2013,44.4
Germany,DEU,2014,44.31
Germany,DEU,2015,44.52
Germany,DEU,2016,44.92
Germany,DEU,2017,44.93
Germany,DEU,2018,45.65
Germany,DEU,2019,45.89
Germany,DEU,2020,45.93
Ghana,GHA,2001,10.87
Ghana,GHA,2002,9.18
Ghana,GHA,2003,10.82
Ghana,GHA,2004,13.7
Ghana,GHA,2005,13.2
Ghana,GHA,2006,12.4
Ghana,GHA,2007,14.42
Ghana,GHA,2008,13.87
Ghana,GHA,2009,13.89
Ghana,GHA,2010,14.95
Ghana,GHA,2011,15.95
Ghana,GHA,2012,15.5
Ghana,GHA,2013,14.92
Ghana,GHA,2014,15.04
Ghana,GHA,2015,16.27
Ghana,GHA,2016,14.99
Ghana,GHA,2017,15.47
Ghana,GHA,2018,15.85
Ghana,GHA,2019,15.27
Ghana,GHA,2020,14.39
Greece,GRC,2000,42.22
Greece,GRC,2001,40.42
Greece,GRC,2002,39.67
Greece,GRC,2003,38.67
Greece,GRC,2004,38.72
Greece,GRC,2005,39.27
Greece,GRC,2006,39.07
Greece,GRC,2007,40.25
Greece,GRC,2008,40.47
Greece,GRC,2009,38.81
Greece,GRC,2010,41.21
Greece,GRC,2011,44.12
Greece,GRC,2012,47.05
Greece,GRC,2013,48.84
Greece,GRC,2014,46.39
Greece,GRC,2015,47.48
Greece,GRC,2016,49.56
Greece,GRC,2017,48.33
Greece,GRC,2018,48.65
Greece,GRC,2019,48.16
Greece,GRC,2020,48.68
Grenada,GRD,2000,23.88
Grenada,GRD,2001,23.34
Grenada,GRD,2002,21.66
Grenada,GRD,2003,23.99
Grenada,GRD,2004,24.21
Grenada,GRD,2005,27.71
Grenada,GRD,2006,26.01
Grenada,GRD,2007,21.88
Grenada,GRD,2008,23.14
Grenada,GRD,2009,20.69
Grenada,GRD,2010,22.36
Grenada,GRD,2011,23.11
Grenada,GRD,2012,20.69
Grenada,GRD,2013,20.59
Grenada,GRD,2014,24.49
Grenada,GRD,2015,24.46
Grenada,GRD,2016,26.36
Grenada,GRD,2017,25.76
Guatemala,GTM,2000,11.05
Guatemala,GTM,2001,11.74
Guatemala,GTM,2002,12.08
Guatemala,GTM,2003,11.84
Guatemala,GTM,2004,11.78
Guatemala,GTM,2005,11.51
Guatemala,GTM,2006,12.23
Guatemala,GTM,2007,12.47
Guatemala,GTM,2008,11.65
Guatemala,GTM,2009,10.96
Guatemala,GTM,2010,11.15
Guatemala,GTM,2011,11.61
Guatemala,GTM,2012,11.69
Guatemala,GTM,2013,11.77
Guatemala,GTM,2014,15.36
Guatemala,GTM,2015,14.78
Guatemala,GTM,2016,15.21
Guatemala,GTM,2017,13.05
Guatemala,GTM,2018,15.23
Guatemala,GTM,2019,15.07
Guatemala,GTM,2020,14.39
Guinea-Bissau,GNB,2017,16.65
Guinea-Bissau,GNB,2019,16.02
Honduras,HND,2003,21.89
Honduras,HND,2004,22.8
Honduras,HND,2005,23
Honduras,HND,2006,23.67
Honduras,HND,2007,24
Honduras,HND,2008,25.95
Honduras,HND,2009,23.44
Honduras,HND,2010,23.17
Honduras,HND,2011,23.12
Honduras,HND,2012,23.22
Honduras,HND,2013,23.56
Honduras,HND,2014,24.82
Honduras,HND,2015,25.17
Honduras,HND,2016,19.88
Honduras,HND,2017,20.14
Honduras,HND,2018,20.16
Honduras,HND,2019,19.05
Hong Kong,HKG,2002,14.69
Hong Kong,HKG,2003,16.26
Hong Kong,HKG,2004,18.72
Hong Kong,HKG,2005,19.62
Hong Kong,HKG,2006,20.31
Hong Kong,HKG,2007,22.31
Hong Kong,HKG,2008,19.34
Hong Kong,HKG,2009,20.24
Hong Kong,HKG,2010,22.29
Hong Kong,HKG,2011,23.78
Hong Kong,HKG,2012,23.55
Hong Kong,HKG,2013,21.46
Hong Kong,HKG,2014,23.55
Hong Kong,HKG,2015,21.67
Hong Kong,HKG,2016,24.61
Hong Kong,HKG,2017,25.79
Hong Kong,HKG,2018,23.79
Hong Kong,HKG,2019,23.14
Hungary,HUN,2000,43.97
Hungary,HUN,2001,42.89
Hungary,HUN,2002,41.82
Hungary,HUN,2003,41.5
Hungary,HUN,2004,41.8
Hungary,HUN,2005,41.23
Hungary,HUN,2006,41.8
Hungary,HUN,2007,44.46
Hungary,HUN,2008,44.65
Hungary,HUN,2009,45.52
Hungary,HUN,2010,44.08
Hungary,HUN,2011,43.5
Hungary,HUN,2012,46.54
Hungary,HUN,2013,47.12
Hungary,HUN,2014,46.94
Hungary,HUN,2015,47.9
Hungary,HUN,2016,44.66
Hungary,HUN,2017,43.87
Hungary,HUN,2018,43.61
Hungary,HUN,2019,43.13
Hungary,HUN,2020,43.35
Iceland,ISL,2000,42.29
Iceland,ISL,2001,40.32
Iceland,ISL,2002,39.86
Iceland,ISL,2003,41.06
Iceland,ISL,2004,42.2
Iceland,ISL,2005,50.01
Iceland,ISL,2006,51.29
Iceland,ISL,2007,50.38
Iceland,ISL,2008,51.31
Iceland,ISL,2009,45.09
Iceland,ISL,2010,42.24
Iceland,ISL,2011,44.12
Iceland,ISL,2012,45.23
Iceland,ISL,2013,44.83
Iceland,ISL,2014,46.23
Iceland,ISL,2015,43.17
Iceland,ISL,2016,59.07
Iceland,ISL,2017,45.45
Iceland,ISL,2018,44.9
Iceland,ISL,2019,41.91
Iceland,ISL,2020,41.88
India,IND,2000,11.54
India,IND,2001,10.92
India,IND,2002,11.47
India,IND,2003,11.72
India,IND,2004,11.95
India,IND,2005,12.21
India,IND,2006,13.25
India,IND,2007,14.24
India,IND,2008,12.55
India,IND,2009,11.27
India,IND,2010,12.96
India,IND,2011,11.53
India,IND,2012,12.63
India,IND,2013,12.62
India,IND,2014,11.56
India,IND,2015,12.43
India,IND,2016,12.86
India,IND,2017,12.74
India,IND,2018,13.15
Indonesia,IDN,2001,17.2
Indonesia,IDN,2002,16.04
Indonesia,IDN,2003,15.95
Indonesia,IDN,2004,16.9
Indonesia,IDN,2005,16.09
Indonesia,IDN,2006,17.24
Indonesia,IDN,2007,16.24
Indonesia,IDN,2008,19.45
Indonesia,IDN,2009,15.24
Indonesia,IDN,2010,15.68
Indonesia,IDN,2011,16.87
Indonesia,IDN,2012,17.08
Indonesia,IDN,2013,16.85
Indonesia,IDN,2014,16.77
Indonesia,IDN,2015,15.11
Indonesia,IDN,2016,14.45
Indonesia,IDN,2017,14.32
Indonesia,IDN,2018,14.77
Indonesia,IDN,2019,14.27
Indonesia,IDN,2020,12.8
Iran,IRN,2000,23.4
Iran,IRN,2001,25.93
Iran,IRN,2002,28.35
Iran,IRN,2003,28.55
Iran,IRN,2004,29.41
Iran,IRN,2005,36.08
Iran,IRN,2006,34.69
Iran,IRN,2007,34.21
Iran,IRN,2008,32.48
Iran,IRN,2009,31.23
Iraq,IRQ,2014,38.13
Iraq,IRQ,2015,28.75
Iraq,IRQ,2016,26.28
Iraq,IRQ,2017,33.17
Iraq,IRQ,2018,39.38
Iraq,IRQ,2019,39.19
Ireland,IRL,2000,35.42
Ireland,IRL,2001,33.13
Ireland,IRL,2002,32.36
Ireland,IRL,2003,33.01
Ireland,IRL,2004,34.12
Ireland,IRL,2005,34.59
Ireland,IRL,2006,36.34
Ireland,IRL,2007,35.91
Ireland,IRL,2008,34.53
Ireland,IRL,2009,33
Ireland,IRL,2010,32.78
Ireland,IRL,2011,33.63
Ireland,IRL,2012,34.02
Ireland,IRL,2013,34.17
Ireland,IRL,2014,33.94
Ireland,IRL,2015,27.01
Ireland,IRL,2016,27.29
Ireland,IRL,2017,25.91
Ireland,IRL,2018,25.48
Ireland,IRL,2019,24.71
Ireland,IRL,2020,22.42
Israel,ISR,2000,43.76
Israel,ISR,2001,43.54
Israel,ISR,2002,43.25
Israel,ISR,2003,41.84
Israel,ISR,2004,40.91
Israel,ISR,2005,41
Israel,ISR,2006,41.97
Israel,ISR,2007,41.02
Israel,ISR,2008,38.52
Israel,ISR,2009,35.75
Israel,ISR,2010,36.75
Israel,ISR,2011,36.8
Israel,ISR,2012,35.96
Israel,ISR,2013,36.21
Israel,ISR,2014,36.48
Israel,ISR,2015,36.76
Israel,ISR,2016,36.48
Israel,ISR,2017,37.47
Israel,ISR,2018,35.81
Israel,ISR,2019,35.02
Israel,ISR,2020,34.53
Italy,ITA,2000,43.55
Italy,ITA,2001,43.53
Italy,ITA,2002,43.21
Italy,ITA,2003,43.35
Italy,ITA,2004,42.81
Italy,ITA,2005,42.54
Italy,ITA,2006,43.54
Italy,ITA,2007,44.81
Italy,ITA,2008,44.64
Italy,ITA,2009,45.34
Italy,ITA,2010,45.05
Italy,ITA,2011,44.98
Italy,ITA,2012,47.04
Italy,ITA,2013,47.48
Italy,ITA,2014,47.32
Italy,ITA,2015,47.18
Italy,ITA,2016,46.08
Italy,ITA,2017,45.76
Italy,ITA,2018,45.62
Italy,ITA,2019,46.49
Italy,ITA,2020,46.96
Jamaica,JAM,2000,26.1
Jamaica,JAM,2001,24.25
Jamaica,JAM,2002,24.9
Jamaica,JAM,2003,27.53
Jamaica,JAM,2004,27.55
Jamaica,JAM,2005,26.66
Jamaica,JAM,2006,26.95
Jamaica,JAM,2007,28.47
Jamaica,JAM,2008,27.69
Jamaica,JAM,2009,28.18
Jamaica,JAM,2010,27.42
Jamaica,JAM,2011,25.97
Jamaica,JAM,2012,26.23
Jamaica,JAM,2013,27.72
Jamaica,JAM,2014,26.7
Jamaica,JAM,2015,27.47
Jamaica,JAM,2016,28.39
Jamaica,JAM,2017,29.59
Jamaica,JAM,2018,31.03
Jamaica,JAM,2019,30.79
Jamaica,JAM,2020,29.08
Japan,JPN,2000,30.02
Japan,JPN,2001,29.86
Japan,JPN,2002,28.54
Japan,JPN,2003,28.73
Japan,JPN,2004,29.44
Japan,JPN,2005,30.48
Japan,JPN,2006,31.01
Japan,JPN,2007,31.29
Japan,JPN,2008,30.5
Japan,JPN,2009,29.65
Japan,JPN,2010,29.89
Japan,JPN,2011,31.09
Japan,JPN,2012,31.7
Japan,JPN,2013,32.67
Japan,JPN,2014,34.32
Japan,JPN,2015,34.98
Japan,JPN,2016,34.73
Japan,JPN,2017,34.95
Japan,JPN,2018,35.5
Japan,JPN,2019,35.25
Japan,JPN,2020,36.75
Jordan,JOR,2000,28.19
Jordan,JOR,2001,27.75
Jordan,JOR,2002,27.73
Jordan,JOR,2003,31.72
Jordan,JOR,2004,33.02
Jordan,JOR,2005,33.29
Jordan,JOR,2006,31.51
Jordan,JOR,2007,31.75
Jordan,JOR,2008,37.96
Jordan,JOR,2009,36.09
Jordan,JOR,2010,34.55
Jordan,JOR,2011,35.55
Jordan,JOR,2012,32.61
Jordan,JOR,2013,32.97
Jordan,JOR,2014,27.78
Jordan,JOR,2015,24.81
Jordan,JOR,2016,24.96
Jordan,JOR,2017,25.26
Jordan,JOR,2018,38.67
Jordan,JOR,2019,24.54
Kazakhstan,KAZ,2000,21.76
Kazakhstan,KAZ,2001,21.8
Kazakhstan,KAZ,2002,21.14
Kazakhstan,KAZ,2003,21.51
Kazakhstan,KAZ,2004,21.59
Kazakhstan,KAZ,2005,22.58
Kazakhstan,KAZ,2006,18
Kazakhstan,KAZ,2007,17.22
Kazakhstan,KAZ,2008,20.55
Kazakhstan,KAZ,2009,23.3
Kazakhstan,KAZ,2010,25.47
Kazakhstan,KAZ,2011,27.58
Kazakhstan,KAZ,2012,26.25
Kazakhstan,KAZ,2013,24.19
Kazakhstan,KAZ,2014,23.25
Kazakhstan,KAZ,2015,17.62
Kazakhstan,KAZ,2016,17.62
Kazakhstan,KAZ,2017,19.9
Kazakhstan,KAZ,2018,19.56
Kazakhstan,KAZ,2019,19.08
Kazakhstan,KAZ,2020,17.34
Kenya,KEN,2000,17.72
Kenya,KEN,2001,19.13
Kenya,KEN,2002,20.16
Kenya,KEN,2003,15.99
Kenya,KEN,2004,18.94
Kenya,KEN,2005,18.99
Kenya,KEN,2006,17.07
Kenya,KEN,2007,16.69
Kenya,KEN,2008,17.81
Kenya,KEN,2009,16.93
Kenya,KEN,2010,17
Kenya,KEN,2011,17.2
Kenya,KEN,2012,17.93
Kenya,KEN,2013,16.98
Kenya,KEN,2014,22.72
Kenya,KEN,2015,22.19
Kenya,KEN,2016,21.54
Kenya,KEN,2017,22.37
Kenya,KEN,2018,20.3
Kenya,KEN,2019,20.49
Kenya,KEN,2020,17.64
Kiribati,KIR,2010,63.79
Kiribati,KIR,2011,64.36
Kiribati,KIR,2012,77.9
Kiribati,KIR,2013,92.25
Kiribati,KIR,2014,112.09
Kiribati,KIR,2015,127.81
Kiribati,KIR,2016,99.92
Kiribati,KIR,2017,103.37
Kiribati,KIR,2018,128.79
Kiribati,KIR,2019,121.25
Kiribati,KIR,2020,117.84
Kosovo,OWID_KOS,2011,27.24
Kosovo,OWID_KOS,2012,26.77
Kosovo,OWID_KOS,2013,24.95
Kosovo,OWID_KOS,2014,24.23
Kosovo,OWID_KOS,2015,25.46
Kosovo,OWID_KOS,2016,26.72
Kosovo,OWID_KOS,2017,26.54
Kosovo,OWID_KOS,2018,26.57
Kosovo,OWID_KOS,2019,26.85
Kosovo,OWID_KOS,2020,25.37
Kuwait,KWT,2001,49.03
Kuwait,KWT,2002,52.36
Kuwait,KWT,2003,47.48
Kuwait,KWT,2004,50.06
Kuwait,KWT,2005,57.61
Kuwait,KWT,2006,52.21
Kuwait,KWT,2007,57.88
Kuwait,KWT,2008,52.45
Kuwait,KWT,2009,57.36
Kuwait,KWT,2010,64.32
Kuwait,KWT,2011,70.6
Kuwait,KWT,2012,65.07
Kuwait,KWT,2013,63.79
Kuwait,KWT,2014,53.18
Kuwait,KWT,2015,38.62
Kyrgyzstan,KGZ,2000,15.09
Kyrgyzstan,KGZ,2001,16.89
Kyrgyzstan,KGZ,2006,16.77
Kyrgyzstan,KGZ,2007,23.02
Kyrgyzstan,KGZ,2008,21.97
Kyrgyzstan,KGZ,2009,23.86
Kyrgyzstan,KGZ,2010,22.61
Kyrgyzstan,KGZ,2011,24.13
Kyrgyzstan,KGZ,2012,24.96
Kyrgyzstan,KGZ,2013,25.12
Kyrgyzstan,KGZ,2014,35.45
Kyrgyzstan,KGZ,2015,35.57
Kyrgyzstan,KGZ,2016,33.13
Kyrgyzstan,KGZ,2017,33.29
Kyrgyzstan,KGZ,2018,32.47
Kyrgyzstan,KGZ,2019,34.07
Laos,LAO,2006,0
Laos,LAO,2007,0
Laos,LAO,2008,14.84
Laos,LAO,2009,14.92
Laos,LAO,2010,19.52
Laos,LAO,2011,19.3
Laos,LAO,2012,20.82
Laos,LAO,2013,20.87
Laos,LAO,2014,20.93
Laos,LAO,2015,20.35
Laos,LAO,2016,16.18
Laos,LAO,2017,16.29
Laos,LAO,2018,16.24
Laos,LAO,2019,15.52
Laos,LAO,2020,12.81
Latin America and the Caribbean (UN),,2000,28.64
Latin America and the Caribbean (UN),,2001,22.37
Latin America and the Caribbean (UN),,2002,23.28
Latin America and the Caribbean (UN),,2003,25.11
Latin America and the Caribbean (UN),,2004,25.07
Latin America and the Caribbean (UN),,2005,23.53
Latin America and the Caribbean (UN),,2006,25.39
Latin America and the Caribbean (UN),,2007,25.56
Latin America and the Caribbean (UN),,2008,25.43
Latin America and the Caribbean (UN),,2009,25.17
Latin America and the Caribbean (UN),,2010,25.48
Latin America and the Caribbean (UN),,2011,25.83
Latin America and the Caribbean (UN),,2012,26.2
Latin America and the Caribbean (UN),,2013,26.79
Latin America and the Caribbean (UN),,2014,26.79
Latin America and the Caribbean (UN),,2015,24.52
Latin America and the Caribbean (UN),,2016,25.32
Latin America and the Caribbean (UN),,2017,24.7
Latin America and the Caribbean (UN),,2018,22.87
Latin America and the Caribbean (UN),,2019,23.39
Latin America and the Caribbean (UN),,2020,23.63
Latvia,LVA,2000,34
Latvia,LVA,2001,32.45
Latvia,LVA,2002,32.45
Latvia,LVA,2003,31.89
Latvia,LVA,2004,33.68
Latvia,LVA,2005,34.1
Latvia,LVA,2006,35.69
Latvia,LVA,2007,33.59
Latvia,LVA,2008,33.75
Latvia,LVA,2009,35.32
Latvia,LVA,2010,37.05
Latvia,LVA,2011,36.43
Latvia,LVA,2012,36.72
Latvia,LVA,2013,36.63
Latvia,LVA,2014,36.97
Latvia,LVA,2015,36.79
Latvia,LVA,2016,37.16
Latvia,LVA,2017,37.52
Latvia,LVA,2018,38.12
Latvia,LVA,2019,37.43
Latvia,LVA,2020,38.46
Least Developed Countries (LDCs),,2000,19.22
Least Developed Countries (LDCs),,2001,18.09
Least Developed Countries (LDCs),,2002,18.88
Least Developed Countries (LDCs),,2003,19.34
Least Developed Countries (LDCs),,2004,20.04
Least Developed Countries (LDCs),,2005,19.44
Least Developed Countries (LDCs),,2006,24.62
Least Developed Countries (LDCs),,2007,27.74
Least Developed Countries (LDCs),,2008,25.14
Least Developed Countries (LDCs),,2009,22.29
Least Developed Countries (LDCs),,2010,34.24
Least Developed Countries (LDCs),,2011,36.66
Least Developed Countries (LDCs),,2012,35.05
Least Developed Countries (LDCs),,2013,33.36
Least Developed Countries (LDCs),,2014,30.56
Least Developed Countries (LDCs),,2015,28.23
Least Developed Countries (LDCs),,2016,25.23
Least Developed Countries (LDCs),,2017,24.93
Least Developed Countries (LDCs),,2018,26.11
Least Developed Countries (LDCs),,2019,27.74
Least Developed Countries (LDCs),,2020,25.33
Lebanon,LBN,2000,16.27
Lebanon,LBN,2001,16.28
Lebanon,LBN,2002,18.97
Lebanon,LBN,2003,21.05
Lebanon,LBN,2004,21.95
Lebanon,LBN,2005,21.14
Lebanon,LBN,2006,23.43
Lebanon,LBN,2007,22.42
Lebanon,LBN,2008,22.52
Lebanon,LBN,2009,22.26
Lebanon,LBN,2010,20.13
Lebanon,LBN,2011,21.87
Lebanon,LBN,2012,19.94
Lebanon,LBN,2013,18.5
Lebanon,LBN,2014,19.94
Lebanon,LBN,2015,17.66
Lebanon,LBN,2016,18.25
Lebanon,LBN,2017,20.47
Lebanon,LBN,2018,19.58
Lebanon,LBN,2019,19.66
Lebanon,LBN,2020,14.5
Lesotho,LSO,2000,41.71
Lesotho,LSO,2001,42.72
Lesotho,LSO,2002,43.29
Lesotho,LSO,2003,46.72
Lesotho,LSO,2004,49.68
Lesotho,LSO,2005,49.72
Lesotho,LSO,2006,63.06
Lesotho,LSO,2007,59.15
Lesotho,LSO,2008,62.14
Lesotho,LSO,2009,62.28
Lesotho,LSO,2010,53.77
Lesotho,LSO,2011,50.32
Lesotho,LSO,2012,62.68
Lesotho,LSO,2013,55.88
Lesotho,LSO,2014,53.23
Lesotho,LSO,2015,50.37
Lesotho,LSO,2016,45.04
Lesotho,LSO,2017,49.78
Lesotho,LSO,2018,50.5
Lesotho,LSO,2019,48.64
Lesotho,LSO,2020,28.56
Liberia,LBR,2005,12.2
Liberia,LBR,2006,11.29
Liberia,LBR,2007,15.75
Liberia,LBR,2008,19.09
Liberia,LBR,2010,22.14
Liberia,LBR,2011,23.37
Liberia,LBR,2012,26.29
Liberia,LBR,2013,26.37
Lithuania,LTU,2000,35.7
Lithuania,LTU,2001,32.73
Lithuania,LTU,2002,32.83
Lithuania,LTU,2003,31.95
Lithuania,LTU,2004,32.56
Lithuania,LTU,2005,33.65
Lithuania,LTU,2006,33.94
Lithuania,LTU,2007,34.14
Lithuania,LTU,2008,34.68
Lithuania,LTU,2009,35.45
Lithuania,LTU,2010,35.06
Lithuania,LTU,2011,33.19
Lithuania,LTU,2012,32.7
Lithuania,LTU,2013,32.64
Lithuania,LTU,2014,33.82
Lithuania,LTU,2015,34.54
Lithuania,LTU,2016,34.13
Lithuania,LTU,2017,33.29
Lithuania,LTU,2018,34.25
Lithuania,LTU,2019,34.93
Lithuania,LTU,2020,35.74
Luxembourg,LUX,2000,43.06
Luxembourg,LUX,2001,43.85
Luxembourg,LUX,2002,43.45
Luxembourg,LUX,2003,43.49
Luxembourg,LUX,2004,42.47
Luxembourg,LUX,2005,43.36
Luxembourg,LUX,2006,41.52
Luxembourg,LUX,2007,42
Luxembourg,LUX,2008,42.91
Luxembourg,LUX,2009,44.32
Luxembourg,LUX,2010,43.39
Luxembourg,LUX,2011,42.69
Luxembourg,LUX,2012,44.04
Luxembourg,LUX,2013,43.83
Luxembourg,LUX,2014,43.02
Luxembourg,LUX,2015,42.79
Luxembourg,LUX,2016,42.38
Luxembourg,LUX,2017,43.04
Luxembourg,LUX,2018,44.73
Luxembourg,LUX,2019,43.99
Luxembourg,LUX,2020,43.07
Macao,MAC,2001,20.16
Macao,MAC,2002,20.09
Macao,MAC,2003,23.11
Macao,MAC,2004,23.72
Macao,MAC,2005,24.45
Macao,MAC,2006,24.43
Macao,MAC,2007,28.97
Macao,MAC,2008,33.17
Macao,MAC,2009,32.88
Macao,MAC,2010,36.53
Macao,MAC,2011,39.85
Macao,MAC,2012,38.93
Macao,MAC,2013,38.26
Macao,MAC,2014,37.26
Macao,MAC,2015,31.74
Macao,MAC,2016,30.22
Macao,MAC,2017,31.88
Macao,MAC,2018,31.32
Macao,MAC,2019,32.85
Macao,MAC,2020,28.92
Madagascar,MDG,2000,12.81
Madagascar,MDG,2001,11.25
Madagascar,MDG,2002,7.92
Madagascar,MDG,2003,13.09
Madagascar,MDG,2004,17.5
Madagascar,MDG,2005,14.36
Madagascar,MDG,2006,18.52
Madagascar,MDG,2007,13.96
Madagascar,MDG,2008,17.03
Madagascar,MDG,2009,9.79
Madagascar,MDG,2010,12.35
Madagascar,MDG,2011,11.36
Madagascar,MDG,2012,10.2
Madagascar,MDG,2013,10.62
Madagascar,MDG,2014,11.25
Madagascar,MDG,2015,11.07
Madagascar,MDG,2016,13.04
Madagascar,MDG,2017,13.4
Madagascar,MDG,2018,13.91
Madagascar,MDG,2019,14.26
Madagascar,MDG,2020,12.38
Malawi,MWI,2009,16.89
Malawi,MWI,2010,17.39
Malawi,MWI,2011,15.43
Malawi,MWI,2012,12.18
Malawi,MWI,2013,16.65
Malawi,MWI,2014,14.23
Malawi,MWI,2015,13.54
Malawi,MWI,2016,13.78
Malawi,MWI,2017,15.32
Malawi,MWI,2018,13.92
Malawi,MWI,2019,13.78
Malawi,MWI,2020,14.35
Malawi,MWI,2021,14.39
Malaysia,MYS,2000,19.53
Malaysia,MYS,2001,24.05
Malaysia,MYS,2002,20.01
Malaysia,MYS,2003,20.3
Malaysia,MYS,2004,19.25
Malaysia,MYS,2005,18.67
Malaysia,MYS,2006,19.76
Malaysia,MYS,2007,20.07
Malaysia,MYS,2008,19.81
Malaysia,MYS,2009,21.25
Malaysia,MYS,2010,19.16
Malaysia,MYS,2011,20.05
Malaysia,MYS,2012,21.11
Malaysia,MYS,2013,20.65
Malaysia,MYS,2014,19.66
Malaysia,MYS,2015,18.62
Malaysia,MYS,2016,17
Malaysia,MYS,2017,16.06
Malaysia,MYS,2018,16.09
Malaysia,MYS,2019,17.47
Malaysia,MYS,2020,15.89
Maldives,MDV,2000,25.11
Maldives,MDV,2001,25.51
Maldives,MDV,2002,25.57
Maldives,MDV,2003,22.72
Maldives,MDV,2004,21.68
Maldives,MDV,2005,30.74
Maldives,MDV,2006,30.28
Maldives,MDV,2007,31.51
Maldives,MDV,2008,25.5
Maldives,MDV,2009,19.06
Maldives,MDV,2010,19.61
Maldives,MDV,2011,23.13
Maldives,MDV,2014,26.38
Maldives,MDV,2015,27.16
Maldives,MDV,2016,27.2
Maldives,MDV,2017,26.89
Maldives,MDV,2018,26.94
Maldives,MDV,2019,25.8
Mali,MLI,2000,15.3
Mali,MLI,2001,14.34
Mali,MLI,2002,15.39
Mali,MLI,2003,19.43
Mali,MLI,2004,19.35
Mali,MLI,2005,18.76
Mali,MLI,2006,49.6
Mali,MLI,2007,19.94
Mali,MLI,2008,17.15
Mali,MLI,2009,18.9
Mali,MLI,2010,17.73
Mali,MLI,2011,16.53
Mali,MLI,2012,14.1
Mali,MLI,2013,18.02
Mali,MLI,2014,14.54
Mali,MLI,2015,16.45
Mali,MLI,2016,17.95
Mali,MLI,2017,19.19
Mali,MLI,2018,13.87
Mali,MLI,2019,17.47
Mali,MLI,2020,16.13
Malta,MLT,2000,34.16
Malta,MLT,2001,34.98
Malta,MLT,2002,35.63
Malta,MLT,2003,35.61
Malta,MLT,2004,37.26
Malta,MLT,2005,39.2
Malta,MLT,2006,39.29
Malta,MLT,2007,38.5
Malta,MLT,2008,37.71
Malta,MLT,2009,37.7
Malta,MLT,2010,37.56
Malta,MLT,2011,38.49
Malta,MLT,2012,38.32
Malta,MLT,2013,38.13
Malta,MLT,2014,38.36
Malta,MLT,2015,37.33
Malta,MLT,2016,37.02
Malta,MLT,2017,37.21
Malta,MLT,2018,37.14
Malta,MLT,2019,36
Malta,MLT,2020,35.82
Marshall Islands,MHL,2008,87.5
Marshall Islands,MHL,2009,87.74
Marshall Islands,MHL,2010,85.74
Marshall Islands,MHL,2011,80.98
Marshall Islands,MHL,2012,72.31
Marshall Islands,MHL,2013,75.41
Marshall Islands,MHL,2014,75.29
Marshall Islands,MHL,2015,81.3
Marshall Islands,MHL,2016,80.44
Marshall Islands,MHL,2017,89.16
Marshall Islands,MHL,2018,82.65
Marshall Islands,MHL,2019,61.96
Marshall Islands,MHL,2020,73.16
Mauritius,MUS,2000,19.75
Mauritius,MUS,2001,18.22
Mauritius,MUS,2002,18.98
Mauritius,MUS,2003,20.05
Mauritius,MUS,2004,19.98
Mauritius,MUS,2005,20.07
Mauritius,MUS,2006,19.5
Mauritius,MUS,2007,18.43
Mauritius,MUS,2008,20.76
Mauritius,MUS,2009,23.11
Mauritius,MUS,2010,22.19
Mauritius,MUS,2011,22.09
Mauritius,MUS,2012,22.65
Mauritius,MUS,2013,22.06
Mauritius,MUS,2014,22.48
Mauritius,MUS,2015,11.05
Mauritius,MUS,2016,22.23
Mauritius,MUS,2017,23.17
Mauritius,MUS,2018,23.49
Mauritius,MUS,2019,23.57
Mauritius,MUS,2020,26.57
Mexico,MEX,2000,12.11
Mexico,MEX,2008,23.5
Mexico,MEX,2009,21.41
Mexico,MEX,2010,21.07
Mexico,MEX,2011,22.03
Mexico,MEX,2012,22.01
Mexico,MEX,2013,22.13
Mexico,MEX,2014,21.72
Mexico,MEX,2015,21.08
Mexico,MEX,2016,21.82
Mexico,MEX,2017,22.01
Mexico,MEX,2018,20.82
Mexico,MEX,2019,20.96
Mexico,MEX,2020,22.19
Micronesia (country),FSM,2008,23.5
Micronesia (country),FSM,2009,31.83
Micronesia (country),FSM,2010,35.1
Micronesia (country),FSM,2011,32.97
Micronesia (country),FSM,2012,36.35
Micronesia (country),FSM,2013,31.6
Micronesia (country),FSM,2014,35.73
Micronesia (country),FSM,2015,34.88
Micronesia (country),FSM,2016,38.57
Micronesia (country),FSM,2017,46.62
Micronesia (country),FSM,2018,51.28
Micronesia (country),FSM,2019,45.37
Micronesia (country),FSM,2020,33.83
Moldova,MDA,2000,26.87
Moldova,MDA,2001,23.56
Moldova,MDA,2002,32.7
Moldova,MDA,2003,34.07
Moldova,MDA,2004,35.54
Moldova,MDA,2005,38.58
Moldova,MDA,2006,39.88
Moldova,MDA,2007,41.72
Moldova,MDA,2008,40.55
Moldova,MDA,2009,38.91
Moldova,MDA,2010,31.92
Moldova,MDA,2011,30.51
Moldova,MDA,2012,31.78
Moldova,MDA,2013,30.87
Moldova,MDA,2014,31.8
Moldova,MDA,2015,29.97
Moldova,MDA,2016,28.58
Moldova,MDA,2017,29.84
Moldova,MDA,2018,30.52
Moldova,MDA,2019,29.96
Moldova,MDA,2020,31.45
Mongolia,MNG,2000,29.88
Mongolia,MNG,2001,27.89
Mongolia,MNG,2002,27
Mongolia,MNG,2003,28.07
Mongolia,MNG,2006,40.02
Mongolia,MNG,2007,40.63
Mongolia,MNG,2008,33.67
Mongolia,MNG,2009,31.17
Mongolia,MNG,2010,32.8
Mongolia,MNG,2011,32.57
Mongolia,MNG,2012,30
Mongolia,MNG,2013,31.73
Mongolia,MNG,2014,28.95
Mongolia,MNG,2015,26.98
Mongolia,MNG,2016,25.22
Mongolia,MNG,2017,29.34
Mongolia,MNG,2018,33.37
Mongolia,MNG,2019,35.72
Mongolia,MNG,2020,33.43
Montenegro,MNE,2013,36.72
Montenegro,MNE,2014,38.9
Montenegro,MNE,2015,36.09
Montserrat,MSR,2000,75.32
Montserrat,MSR,2001,81.54
Montserrat,MSR,2002,101.34
Montserrat,MSR,2003,116.11
Montserrat,MSR,2004,104.79
Montserrat,MSR,2005,65.17
Montserrat,MSR,2006,70.42
Montserrat,MSR,2007,76.54
Montserrat,MSR,2008,76.65
Montserrat,MSR,2009,87.46
Montserrat,MSR,2010,80.91
Montserrat,MSR,2011,78.01
Montserrat,MSR,2012,82.64
Montserrat,MSR,2013,95.83
Montserrat,MSR,2014,94.35
Morocco,MAR,2002,29.76
Morocco,MAR,2003,28.47
Morocco,MAR,2004,29.06
Morocco,MAR,2005,30.93
Morocco,MAR,2006,31.71
Morocco,MAR,2007,35.03
Morocco,MAR,2008,36.86
Morocco,MAR,2009,34.46
Morocco,MAR,2010,32.68
Morocco,MAR,2011,34.41
Morocco,MAR,2012,28.04
Morocco,MAR,2013,27.84
Morocco,MAR,2014,28.03
Morocco,MAR,2015,26.36
Morocco,MAR,2016,26.09
Morocco,MAR,2017,26.32
Morocco,MAR,2018,26.14
Morocco,MAR,2019,25.76
Morocco,MAR,2020,28.56
Mozambique,MOZ,2010,23.64
Mozambique,MOZ,2011,25.56
Mozambique,MOZ,2012,26.83
Mozambique,MOZ,2013,30.19
Mozambique,MOZ,2014,31.97
Mozambique,MOZ,2015,27.37
Mozambique,MOZ,2016,23.6
Mozambique,MOZ,2017,25.94
Mozambique,MOZ,2018,25.25
Mozambique,MOZ,2019,30.08
Myanmar,MMR,2000,4.92
Myanmar,MMR,2001,4.62
Myanmar,MMR,2002,5.29
Myanmar,MMR,2003,5
Myanmar,MMR,2004,6.07
Myanmar,MMR,2005,6.66
Myanmar,MMR,2012,21.61
Myanmar,MMR,2013,22.49
Myanmar,MMR,2014,25.18
Myanmar,MMR,2015,20.59
Myanmar,MMR,2016,19.07
Myanmar,MMR,2017,18.6
Myanmar,MMR,2018,7.96
Myanmar,MMR,2019,16.39
Namibia,NAM,2000,30.27
Namibia,NAM,2001,29.11
Namibia,NAM,2002,29.55
Namibia,NAM,2003,26.11
Namibia,NAM,2004,26.55
Namibia,NAM,2005,28.32
Namibia,NAM,2006,32.53
Namibia,NAM,2007,33.56
Namibia,NAM,2008,33.41
Namibia,NAM,2009,31.92
Namibia,NAM,2010,28.29
Namibia,NAM,2011,33.2
Namibia,NAM,2012,35.55
Namibia,NAM,2013,36.07
Namibia,NAM,2014,37.05
Namibia,NAM,2015,35.76
Namibia,NAM,2016,35.4
Namibia,NAM,2017,38.7
Namibia,NAM,2018,35.88
Namibia,NAM,2019,38.39
Namibia,NAM,2020,31.37
Nauru,NRU,2014,94.63
Nauru,NRU,2015,97.23
Nauru,NRU,2016,99.74
Nauru,NRU,2017,100.46
Nauru,NRU,2018,119.19
Nauru,NRU,2019,148.72
Nauru,NRU,2020,170.22
Nepal,NPL,2000,9.88
Nepal,NPL,2001,10.48
Nepal,NPL,2002,10.46
Nepal,NPL,2003,11.55
Nepal,NPL,2004,11.58
Nepal,NPL,2005,12.24
Nepal,NPL,2006,11.25
Nepal,NPL,2007,12.28
Nepal,NPL,2008,12.94
Nepal,NPL,2009,14.7
Nepal,NPL,2010,15.86
Nepal,NPL,2011,16.18
Nepal,NPL,2012,16.21
Nepal,NPL,2013,16.98
Nepal,NPL,2014,18.12
Nepal,NPL,2015,18.57
Nepal,NPL,2016,20.09
Nepal,NPL,2017,21.25
Nepal,NPL,2018,23.24
Nepal,NPL,2019,24.56
Nepal,NPL,2020,25.33
Netherlands,NLD,2000,42.55
Netherlands,NLD,2001,41.65
Netherlands,NLD,2002,40.66
Netherlands,NLD,2003,40.57
Netherlands,NLD,2004,40.81
Netherlands,NLD,2005,41.02
Netherlands,NLD,2006,42.24
Netherlands,NLD,2007,41.46
Netherlands,NLD,2008,42.54
Netherlands,NLD,2009,41.67
Netherlands,NLD,2010,41.8
Netherlands,NLD,2011,41.54
Netherlands,NLD,2012,42.03
Netherlands,NLD,2013,42.77
Netherlands,NLD,2014,42.77
Netherlands,NLD,2015,41.78
Netherlands,NLD,2016,42.81
Netherlands,NLD,2017,42.92
Netherlands,NLD,2018,42.87
Netherlands,NLD,2019,42.96
Netherlands,NLD,2020,43.09
New Zealand,NZL,2000,28.9
New Zealand,NZL,2001,33.85
New Zealand,NZL,2002,33.8
New Zealand,NZL,2003,35.15
New Zealand,NZL,2004,34.92
New Zealand,NZL,2005,36.68
New Zealand,NZL,2006,37.76
New Zealand,NZL,2007,35.95
New Zealand,NZL,2008,36.3
New Zealand,NZL,2009,39.31
New Zealand,NZL,2010,36.1
New Zealand,NZL,2011,37.41
New Zealand,NZL,2012,36.67
New Zealand,NZL,2013,36.39
New Zealand,NZL,2014,36.2
New Zealand,NZL,2015,36.6
New Zealand,NZL,2016,36.3
New Zealand,NZL,2017,35.92
New Zealand,NZL,2018,35.79
New Zealand,NZL,2019,36.66
New Zealand,NZL,2020,35.88
Nicaragua,NIC,2000,14.52
Nicaragua,NIC,2001,13.08
Nicaragua,NIC,2002,13.55
Nicaragua,NIC,2003,15.21
Nicaragua,NIC,2004,15.82
Nicaragua,NIC,2005,16.48
Nicaragua,NIC,2006,17.84
Nicaragua,NIC,2007,17.88
Nicaragua,NIC,2008,16.43
Nicaragua,NIC,2009,15.96
Nicaragua,NIC,2010,16.26
Nicaragua,NIC,2011,17.2
Nicaragua,NIC,2012,17.64
Nicaragua,NIC,2013,17.2
Nicaragua,NIC,2014,17.45
Nicaragua,NIC,2015,17.72
Nicaragua,NIC,2016,18.52
Nicaragua,NIC,2017,18.74
Nicaragua,NIC,2018,17.63
Nicaragua,NIC,2019,19.6
Nicaragua,NIC,2020,19.11
Niger,NER,2005,18.18
Niger,NER,2006,59.27
Niger,NER,2007,19.29
Nigeria,NGA,2003,7.9
Nigeria,NGA,2004,7.69
Nigeria,NGA,2005,7.9
Nigeria,NGA,2006,6.76
Nigeria,NGA,2007,7.07
Nigeria,NGA,2008,8.16
Nigeria,NGA,2009,5.97
Nigeria,NGA,2010,5.57
Nigeria,NGA,2011,5.58
Nigeria,NGA,2012,5
Nigeria,NGA,2013,4.98
Northern Africa (UN),,2000,28.55
Northern Africa (UN),,2001,27.41
Northern Africa (UN),,2002,29.2
Northern Africa (UN),,2003,29.59
Northern Africa (UN),,2004,29.15
Northern Africa (UN),,2005,30.44
Northern Africa (UN),,2006,32.04
Northern Africa (UN),,2007,32
Northern Africa (UN),,2008,35.15
Northern Africa (UN),,2009,28.57
Northern Africa (UN),,2010,27.1
Northern Africa (UN),,2011,28.23
Northern Africa (UN),,2012,22.87
Northern Africa (UN),,2013,20.16
Northern Africa (UN),,2014,21.34
Northern Africa (UN),,2015,19.64
Northern Africa (UN),,2016,17.57
Northern Africa (UN),,2017,26.32
Northern Africa (UN),,2018,26.14
Northern Africa (UN),,2019,25.76
Northern Africa (UN),,2020,28.56
Northern America (UN),,2000,39.1
Northern America (UN),,2001,36.97
Northern America (UN),,2002,35.04
Northern America (UN),,2003,34.73
Northern America (UN),,2004,34.72
Northern America (UN),,2005,35.49
Northern America (UN),,2006,36.1
Northern America (UN),,2007,36.02
Northern America (UN),,2008,34.78
Northern America (UN),,2009,33.91
Northern America (UN),,2010,33.58
Northern America (UN),,2011,33.7
Northern America (UN),,2012,33.78
Northern America (UN),,2013,34.91
Northern America (UN),,2014,34.99
Northern America (UN),,2015,35.84
Northern America (UN),,2016,35.77
Northern America (UN),,2017,36.24
Northern America (UN),,2018,35.64
Northern America (UN),,2019,35.84
Northern America (UN),,2020,36.34
Norway,NOR,2000,56.44
Norway,NOR,2001,56.47
Norway,NOR,2002,55.29
Norway,NOR,2003,54.97
Norway,NOR,2004,55.74
Norway,NOR,2005,56.7
Norway,NOR,2006,58.59
Norway,NOR,2007,58.26
Norway,NOR,2008,58.63
Norway,NOR,2009,56.05
Norway,NOR,2010,55.64
Norway,NOR,2011,56.89
Norway,NOR,2012,56.44
Norway,NOR,2013,54.4
Norway,NOR,2014,54.16
Norway,NOR,2015,54.52
Norway,NOR,2016,54.76
Norway,NOR,2017,54.64
Norway,NOR,2018,55.86
Norway,NOR,2019,57.18
Norway,NOR,2020,54.43
Oceania (UN),,2000,27.84
Oceania (UN),,2001,29.19
Oceania (UN),,2002,27.71
Oceania (UN),,2003,34.87
Oceania (UN),,2004,30.92
Oceania (UN),,2005,31.28
Oceania (UN),,2006,32.14
Oceania (UN),,2007,35.21
Oceania (UN),,2008,47.86
Oceania (UN),,2009,46.51
Oceania (UN),,2010,43.47
Oceania (UN),,2011,42.64
Oceania (UN),,2012,43.33
Oceania (UN),,2013,44.31
Oceania (UN),,2014,49.3
Oceania (UN),,2015,50.78
Oceania (UN),,2016,48.87
Oceania (UN),,2017,50.86
Oceania (UN),,2018,55.09
Oceania (UN),,2019,54.82
Oceania (UN),,2020,56.13
Oman,OMN,2000,30.98
Oman,OMN,2001,34.8
Oman,OMN,2002,39.48
Oman,OMN,2003,40.88
Oman,OMN,2004,43.63
Oman,OMN,2005,38.31
Oman,OMN,2006,35.35
Oman,OMN,2007,37.25
Oman,OMN,2008,33.29
Oman,OMN,2009,37.9
Oman,OMN,2010,41.42
Oman,OMN,2011,48.15
Oman,OMN,2012,50.91
Oman,OMN,2013,49.88
Pakistan,PAK,2000,13.81
Pakistan,PAK,2001,12.82
Pakistan,PAK,2002,14.8
Pakistan,PAK,2003,14.44
Pakistan,PAK,2004,13.08
Pakistan,PAK,2005,12.33
Pakistan,PAK,2006,12.98
Pakistan,PAK,2007,13.86
Pakistan,PAK,2008,13.24
Pakistan,PAK,2009,13.66
Pakistan,PAK,2010,14.66
Pakistan,PAK,2011,12.43
Pakistan,PAK,2012,12.88
Pakistan,PAK,2013,14.95
Pakistan,PAK,2014,14.45
Pakistan,PAK,2015,15.27
Palau,PLW,2008,57.89
Palau,PLW,2009,60.25
Palau,PLW,2010,66.65
Palau,PLW,2011,69.15
Palau,PLW,2012,67.93
Palau,PLW,2013,64.23
Palau,PLW,2014,66.64
Palau,PLW,2015,60.05
Palau,PLW,2016,60.93
Palau,PLW,2017,59.02
Palau,PLW,2018,64.98
Palau,PLW,2019,65.74
Palau,PLW,2020,49.76
Panama,PAN,2014,13.73
Panama,PAN,2015,13.38
Panama,PAN,2016,13.24
Panama,PAN,2017,14.05
Panama,PAN,2018,13.82
Papua New Guinea,PNG,2000,19.22
Papua New Guinea,PNG,2001,18.47
Papua New Guinea,PNG,2002,15.6
Papua New Guinea,PNG,2014,20.79
Papua New Guinea,PNG,2015,18.3
Papua New Guinea,PNG,2016,16.12
Papua New Guinea,PNG,2017,15.89
Papua New Guinea,PNG,2018,17.74
Papua New Guinea,PNG,2019,16.49
Papua New Guinea,PNG,2020,14.83
Paraguay,PRY,2000,13.75
Paraguay,PRY,2001,14.25
Paraguay,PRY,2002,12.34
Paraguay,PRY,2003,12.28
Paraguay,PRY,2004,13.3
Paraguay,PRY,2005,15.33
Paraguay,PRY,2006,15.5
Paraguay,PRY,2007,14.89
Paraguay,PRY,2008,14.82
Paraguay,PRY,2009,15.51
Paraguay,PRY,2010,15.52
Paraguay,PRY,2011,16.77
Paraguay,PRY,2012,17.76
Paraguay,PRY,2013,16.39
Paraguay,PRY,2014,17.57
Paraguay,PRY,2015,18.67
Paraguay,PRY,2016,18.98
Paraguay,PRY,2017,18.44
Paraguay,PRY,2018,18.28
Paraguay,PRY,2019,18.24
Paraguay,PRY,2020,17.71
Peru,PER,2000,19.62
Peru,PER,2001,18.78
Peru,PER,2002,18.25
Peru,PER,2003,18.49
Peru,PER,2004,18.53
Peru,PER,2005,19.94
Peru,PER,2006,21.19
Peru,PER,2007,21.94
Peru,PER,2008,22.15
Peru,PER,2009,20.18
Peru,PER,2010,21.17
Peru,PER,2011,22.01
Peru,PER,2012,22.63
Peru,PER,2013,22.55
Peru,PER,2014,22.71
Peru,PER,2015,20.58
Peru,PER,2016,19.05
Peru,PER,2017,18.57
Peru,PER,2018,19.76
Peru,PER,2019,20.28
Philippines,PHL,2000,14.02
Philippines,PHL,2001,14.23
Philippines,PHL,2002,13.34
Philippines,PHL,2003,13.6
Philippines,PHL,2004,13.32
Philippines,PHL,2005,13.78
Philippines,PHL,2006,14.89
Philippines,PHL,2007,14.55
Philippines,PHL,2008,14.57
Philippines,PHL,2009,13.39
Philippines,PHL,2010,12.85
Philippines,PHL,2011,13.4
Philippines,PHL,2012,16.83
Philippines,PHL,2013,17.07
Philippines,PHL,2014,17.55
Philippines,PHL,2015,18.01
Philippines,PHL,2016,17.82
Philippines,PHL,2017,18.23
Philippines,PHL,2018,15.52
Philippines,PHL,2019,16.07
Philippines,PHL,2020,15.92
Poland,POL,2000,39.17
Poland,POL,2001,40.12
Poland,POL,2002,40.39
Poland,POL,2003,39.58
Poland,POL,2004,38.45
Poland,POL,2005,40.3
Poland,POL,2006,40.91
Poland,POL,2007,41.02
Poland,POL,2008,40.57
Poland,POL,2009,37.76
Poland,POL,2010,38.44
Poland,POL,2011,39.12
Poland,POL,2012,39.35
Poland,POL,2013,38.75
Poland,POL,2014,38.99
Poland,POL,2015,39.08
Poland,POL,2016,38.72
Poland,POL,2017,39.78
Poland,POL,2018,41.29
Poland,POL,2019,41.04
Poland,POL,2020,41.58
Portugal,PRT,2000,38.96
Portugal,PRT,2001,38.85
Portugal,PRT,2002,40.09
Portugal,PRT,2003,39.41
Portugal,PRT,2004,39.76
Portugal,PRT,2005,40.36
Portugal,PRT,2006,40.79
Portugal,PRT,2007,41.24
Portugal,PRT,2008,41.25
Portugal,PRT,2009,40.08
Portugal,PRT,2010,39.59
Portugal,PRT,2011,41.54
Portugal,PRT,2012,41.89
Portugal,PRT,2013,44.03
Portugal,PRT,2014,43.59
Portugal,PRT,2015,43
Portugal,PRT,2016,42.2
Portugal,PRT,2017,41.75
Portugal,PRT,2018,42.22
Portugal,PRT,2019,41.96
Portugal,PRT,2020,42.88
Qatar,QAT,2004,47.05
Qatar,QAT,2005,40.04
Qatar,QAT,2006,38.71
Qatar,QAT,2007,40.51
Qatar,QAT,2008,33.55
Qatar,QAT,2009,47.5
Qatar,QAT,2010,34.22
Romania,ROU,2000,33.04
Romania,ROU,2001,32.03
Romania,ROU,2002,32.21
Romania,ROU,2003,32.37
Romania,ROU,2004,32.41
Romania,ROU,2005,32.47
Romania,ROU,2006,33.26
Romania,ROU,2007,34.62
Romania,ROU,2008,32.15
Romania,ROU,2009,30.23
Romania,ROU,2010,33
Romania,ROU,2011,34.04
Romania,ROU,2012,33.76
Romania,ROU,2013,33.22
Romania,ROU,2014,33.98
Romania,ROU,2015,35.4
Romania,ROU,2016,31.84
Romania,ROU,2017,30.78
Romania,ROU,2018,31.89
Romania,ROU,2019,31.77
Romania,ROU,2020,32.7
Russia,RUS,2000,35.36
Russia,RUS,2001,37.45
Russia,RUS,2002,46.41
Russia,RUS,2003,37.55
Russia,RUS,2004,37.12
Russia,RUS,2005,39.18
Russia,RUS,2006,37.66
Russia,RUS,2007,44.35
Russia,RUS,2008,45.44
Russia,RUS,2009,39.3
Russia,RUS,2010,38.02
Russia,RUS,2011,42.24
Russia,RUS,2012,40.82
Russia,RUS,2013,39.39
Russia,RUS,2014,39.28
Russia,RUS,2015,37.44
Russia,RUS,2016,36.41
Russia,RUS,2017,35.81
Russia,RUS,2018,38.5
Russia,RUS,2019,40.9
Russia,RUS,2020,38.95
Rwanda,RWA,2008,22.12
Rwanda,RWA,2009,22.47
Rwanda,RWA,2010,23.17
Rwanda,RWA,2011,23.77
Rwanda,RWA,2014,28
Rwanda,RWA,2015,27.16
Rwanda,RWA,2016,26.77
Rwanda,RWA,2017,25.55
Rwanda,RWA,2018,26.3
Rwanda,RWA,2019,26.22
Rwanda,RWA,2020,27.19
Saint Kitts and Nevis,KNA,2000,23.11
Saint Kitts and Nevis,KNA,2001,23.41
Saint Kitts and Nevis,KNA,2002,24.08
Saint Kitts and Nevis,KNA,2003,25.46
Saint Kitts and Nevis,KNA,2004,25.11
Saint Kitts and Nevis,KNA,2005,23.42
Saint Kitts and Nevis,KNA,2006,22.99
Saint Kitts and Nevis,KNA,2007,24.91
Saint Kitts and Nevis,KNA,2008,27.2
Saint Kitts and Nevis,KNA,2009,28.89
Saint Kitts and Nevis,KNA,2010,26.72
Saint Kitts and Nevis,KNA,2011,31.82
Saint Kitts and Nevis,KNA,2012,37.25
Saint Kitts and Nevis,KNA,2013,40.62
Saint Kitts and Nevis,KNA,2014,37.21
Saint Kitts and Nevis,KNA,2015,36.41
Saint Kitts and Nevis,KNA,2016,31.41
Saint Kitts and Nevis,KNA,2017,29.18
Saint Kitts and Nevis,KNA,2020,26.71
Saint Lucia,LCA,2000,22.03
Saint Lucia,LCA,2001,21.34
Saint Lucia,LCA,2002,21.99
Saint Lucia,LCA,2003,21.38
Saint Lucia,LCA,2004,21.12
Saint Lucia,LCA,2005,21.19
Saint Lucia,LCA,2006,21.26
Saint Lucia,LCA,2007,20.66
Saint Lucia,LCA,2008,23.16
Saint Lucia,LCA,2009,23.37
Saint Lucia,LCA,2010,22.52
Saint Lucia,LCA,2011,21.93
Saint Lucia,LCA,2012,21.48
Saint Lucia,LCA,2013,22.24
Saint Lucia,LCA,2014,23.47
Saint Lucia,LCA,2015,23.15
Saint Lucia,LCA,2016,23.37
Saint Lucia,LCA,2017,24.6
Saint Vincent and the Grenadines,VCT,2000,25.25
Saint Vincent and the Grenadines,VCT,2001,25.01
Saint Vincent and the Grenadines,VCT,2002,25.05
Saint Vincent and the Grenadines,VCT,2003,24.81
Saint Vincent and the Grenadines,VCT,2004,24.38
Saint Vincent and the Grenadines,VCT,2005,23.51
Saint Vincent and the Grenadines,VCT,2006,24.13
Saint Vincent and the Grenadines,VCT,2007,26.34
Saint Vincent and the Grenadines,VCT,2008,28.48
Saint Vincent and the Grenadines,VCT,2009,29.82
Saint Vincent and the Grenadines,VCT,2010,27.07
Saint Vincent and the Grenadines,VCT,2011,27.32
Saint Vincent and the Grenadines,VCT,2012,26.68
Saint Vincent and the Grenadines,VCT,2013,25.09
Saint Vincent and the Grenadines,VCT,2014,29.25
Saint Vincent and the Grenadines,VCT,2015,26.81
Saint Vincent and the Grenadines,VCT,2016,29.71
Saint Vincent and the Grenadines,VCT,2017,28.83
Samoa,WSM,2010,24.52
Samoa,WSM,2011,28.67
Samoa,WSM,2012,30.16
Samoa,WSM,2013,31.74
Samoa,WSM,2014,35.99
Samoa,WSM,2015,32.05
Samoa,WSM,2016,32.6
Samoa,WSM,2017,34.03
Samoa,WSM,2018,35.98
Samoa,WSM,2019,37.69
Samoa,WSM,2020,43.47
San Marino,SMR,2002,36.14
San Marino,SMR,2003,34.57
San Marino,SMR,2004,36.18
San Marino,SMR,2005,35.14
San Marino,SMR,2006,35.31
San Marino,SMR,2007,35.05
San Marino,SMR,2008,36.16
San Marino,SMR,2009,37.99
San Marino,SMR,2010,37.4
San Marino,SMR,2011,40.16
San Marino,SMR,2012,44.29
San Marino,SMR,2013,41.78
San Marino,SMR,2014,43.71
San Marino,SMR,2015,43.05
San Marino,SMR,2016,42.39
San Marino,SMR,2017,40.84
San Marino,SMR,2018,41.15
San Marino,SMR,2019,41.65
San Marino,SMR,2020,41.58
Sao Tome and Principe,STP,2002,34.41
Sao Tome and Principe,STP,2003,40.41
Sao Tome and Principe,STP,2004,42.62
Sao Tome and Principe,STP,2005,32.46
Sao Tome and Principe,STP,2006,34.35
Sao Tome and Principe,STP,2007,166.69
Sao Tome and Principe,STP,2008,44.33
Sao Tome and Principe,STP,2009,32.68
Sao Tome and Principe,STP,2010,39.94
Sao Tome and Principe,STP,2011,42.93
Sao Tome and Principe,STP,2012,33.47
Sao Tome and Principe,STP,2013,29.94
Sao Tome and Principe,STP,2014,25.11
Sao Tome and Principe,STP,2015,28.69
Sao Tome and Principe,STP,2016,29.03
Sao Tome and Principe,STP,2017,28.36
Sao Tome and Principe,STP,2018,23.91
Saudi Arabia,SAU,2010,37.4
Saudi Arabia,SAU,2011,44.4
Saudi Arabia,SAU,2012,45.17
Saudi Arabia,SAU,2013,41.17
Saudi Arabia,SAU,2014,36.67
Saudi Arabia,SAU,2015,24.97
Saudi Arabia,SAU,2016,21.48
Saudi Arabia,SAU,2017,26.78
Saudi Arabia,SAU,2018,35.28
Saudi Arabia,SAU,2019,36.57
Saudi Arabia,SAU,2020,36.03
Senegal,SEN,2000,14.34
Senegal,SEN,2001,13.93
Senegal,SEN,2009,17.18
Senegal,SEN,2010,17.53
Senegal,SEN,2011,18.17
Senegal,SEN,2012,18.33
Senegal,SEN,2013,17.75
Senegal,SEN,2014,19.8
Senegal,SEN,2015,21.63
Senegal,SEN,2016,22.25
Senegal,SEN,2017,24.51
Senegal,SEN,2018,24.56
Senegal,SEN,2019,24.33
Senegal,SEN,2020,22.58
Serbia,SRB,2007,41.19
Serbia,SRB,2008,41.11
Serbia,SRB,2009,39.21
Serbia,SRB,2010,39.24
Serbia,SRB,2011,37.71
Serbia,SRB,2012,38.37
Serbia,SRB,2013,44.5
Serbia,SRB,2014,45.84
Serbia,SRB,2015,46.47
Serbia,SRB,2016,46.88
Serbia,SRB,2017,46.86
Serbia,SRB,2018,47.3
Serbia,SRB,2019,48.37
Serbia,SRB,2020,47.58
Seychelles,SYC,2000,40.15
Seychelles,SYC,2005,41.75
Seychelles,SYC,2006,41.61
Seychelles,SYC,2007,31.42
Seychelles,SYC,2008,34.85
Seychelles,SYC,2009,32.86
Seychelles,SYC,2010,33.71
Seychelles,SYC,2011,38.27
Seychelles,SYC,2012,37.49
Seychelles,SYC,2013,34.14
Seychelles,SYC,2014,34.65
Seychelles,SYC,2015,34.62
Seychelles,SYC,2016,37.72
Seychelles,SYC,2017,36.13
Seychelles,SYC,2018,38.97
Sierra Leone,SLE,2000,13.3
Sierra Leone,SLE,2001,13.6
Sierra Leone,SLE,2002,15.2
Sierra Leone,SLE,2003,14.35
Sierra Leone,SLE,2004,15.75
Sierra Leone,SLE,2005,16
Sierra Leone,SLE,2006,15.08
Sierra Leone,SLE,2007,12.05
Sierra Leone,SLE,2008,12.4
Sierra Leone,SLE,2009,15.05
Sierra Leone,SLE,2010,15.13
Sierra Leone,SLE,2011,16.96
Sierra Leone,SLE,2012,15.18
Sierra Leone,SLE,2013,13.26
Sierra Leone,SLE,2014,14.04
Sierra Leone,SLE,2015,22
Sierra Leone,SLE,2016,21.59
Sierra Leone,SLE,2017,17.92
Sierra Leone,SLE,2018,19.18
Singapore,SGP,2000,25.68
Singapore,SGP,2001,24.35
Singapore,SGP,2002,21.18
Singapore,SGP,2003,19.43
Singapore,SGP,2004,18.78
Singapore,SGP,2005,18.18
Singapore,SGP,2006,17.9
Singapore,SGP,2007,19.25
Singapore,SGP,2008,20.41
Singapore,SGP,2009,17.05
Singapore,SGP,2010,16.78
Singapore,SGP,2011,17.02
Singapore,SGP,2012,17.48
Singapore,SGP,2013,17.24
Singapore,SGP,2014,18.02
Singapore,SGP,2015,18
Singapore,SGP,2016,18.48
Singapore,SGP,2017,20.18
Singapore,SGP,2018,18.23
Singapore,SGP,2019,21.04
Singapore,SGP,2020,18.56
Slovakia,SVK,2000,40.14
Slovakia,SVK,2001,38.09
Slovakia,SVK,2002,37.23
Slovakia,SVK,2003,37.26
Slovakia,SVK,2004,35.61
Slovakia,SVK,2005,36.85
Slovakia,SVK,2006,35.24
Slovakia,SVK,2007,34.33
Slovakia,SVK,2008,34.47
Slovakia,SVK,2009,36.26
Slovakia,SVK,2010,34.96
Slovakia,SVK,2011,37.3
Slovakia,SVK,2012,36.79
Slovakia,SVK,2013,39.62
Slovakia,SVK,2014,40.2
Slovakia,SVK,2015,43.09
Slovakia,SVK,2016,40.08
Slovakia,SVK,2017,38.08
Slovakia,SVK,2018,38.31
Slovakia,SVK,2019,38.87
Slovakia,SVK,2020,39.71
Slovenia,SVN,2000,43.89
Slovenia,SVN,2001,44.26
Slovenia,SVN,2002,44.89
Slovenia,SVN,2003,44.56
Slovenia,SVN,2004,44.69
Slovenia,SVN,2005,45.07
Slovenia,SVN,2006,44.31
Slovenia,SVN,2007,43.36
Slovenia,SVN,2008,43.66
Slovenia,SVN,2009,43.55
Slovenia,SVN,2010,44.58
Slovenia,SVN,2011,44.23
Slovenia,SVN,2012,45.36
Slovenia,SVN,2013,45.69
Slovenia,SVN,2014,45.34
Slovenia,SVN,2015,45.86
Slovenia,SVN,2016,44.24
Slovenia,SVN,2017,44.02
Slovenia,SVN,2018,44.25
Slovenia,SVN,2019,43.75
Slovenia,SVN,2020,43.61
Small Island Developing States (SIDS),,2000,25.59
Small Island Developing States (SIDS),,2001,24.76
Small Island Developing States (SIDS),,2002,25.84
Small Island Developing States (SIDS),,2003,28.12
Small Island Developing States (SIDS),,2004,27.73
Small Island Developing States (SIDS),,2005,26.53
Small Island Developing States (SIDS),,2006,27.68
Small Island Developing States (SIDS),,2007,34.18
Small Island Developing States (SIDS),,2008,32.27
Small Island Developing States (SIDS),,2009,31.82
Small Island Developing States (SIDS),,2010,41.86
Small Island Developing States (SIDS),,2011,43.97
Small Island Developing States (SIDS),,2012,44.71
Small Island Developing States (SIDS),,2013,42.35
Small Island Developing States (SIDS),,2014,41.17
Small Island Developing States (SIDS),,2015,38.67
Small Island Developing States (SIDS),,2016,37.55
Small Island Developing States (SIDS),,2017,37.95
Small Island Developing States (SIDS),,2018,44.34
Small Island Developing States (SIDS),,2019,45.55
Small Island Developing States (SIDS),,2020,48.16
Solomon Islands,SLB,2011,33.26
Solomon Islands,SLB,2012,33.83
Solomon Islands,SLB,2013,45.4
Solomon Islands,SLB,2014,41.97
Solomon Islands,SLB,2015,42.29
Solomon Islands,SLB,2016,36.07
Solomon Islands,SLB,2017,37.75
Solomon Islands,SLB,2018,37.24
Solomon Islands,SLB,2019,35.15
Solomon Islands,SLB,2020,37.58
Somalia,SOM,2017,7.48
Somalia,SOM,2018,8.01
Somalia,SOM,2019,9.66
Somalia,SOM,2020,12.36
South Africa,ZAF,2000,28.43
South Africa,ZAF,2001,28.75
South Africa,ZAF,2002,27.65
South Africa,ZAF,2003,27.78
South Africa,ZAF,2004,29.17
South Africa,ZAF,2005,30.89
South Africa,ZAF,2006,31.33
South Africa,ZAF,2007,32.58
South Africa,ZAF,2008,31.56
South Africa,ZAF,2009,29.94
South Africa,ZAF,2010,30.78
South Africa,ZAF,2011,31.29
South Africa,ZAF,2012,32
South Africa,ZAF,2013,38.13
South Africa,ZAF,2014,38.99
South Africa,ZAF,2015,35.48
South Africa,ZAF,2016,34.94
South Africa,ZAF,2017,46.12
South Africa,ZAF,2018,34.15
South Africa,ZAF,2019,35.58
South Africa,ZAF,2020,34.48
South Korea,KOR,2000,20.66
South Korea,KOR,2001,20.07
South Korea,KOR,2002,19.81
South Korea,KOR,2003,20.09
South Korea,KOR,2004,19.29
South Korea,KOR,2005,19.69
South Korea,KOR,2006,20.49
South Korea,KOR,2007,27.41
South Korea,KOR,2008,26.77
South Korea,KOR,2009,25.57
South Korea,KOR,2010,25.02
South Korea,KOR,2011,25.67
South Korea,KOR,2012,33.31
South Korea,KOR,2013,32.28
South Korea,KOR,2014,32.31
South Korea,KOR,2015,32.24
South Korea,KOR,2016,32.63
South Korea,KOR,2017,33.24
South Korea,KOR,2018,33.39
South Korea,KOR,2019,34.06
South Korea,KOR,2020,34.44
Spain,ESP,2000,37.46
Spain,ESP,2001,37.47
Spain,ESP,2002,37.82
Spain,ESP,2003,37.46
Spain,ESP,2004,38.18
Spain,ESP,2005,39.15
Spain,ESP,2006,39.97
Spain,ESP,2007,40.53
Spain,ESP,2008,36.18
Spain,ESP,2009,34.16
Spain,ESP,2010,35.74
Spain,ESP,2011,35.67
Spain,ESP,2012,37.18
Spain,ESP,2013,38.09
Spain,ESP,2014,38.51
Spain,ESP,2015,38.02
Spain,ESP,2016,37.48
Spain,ESP,2017,37.54
Spain,ESP,2018,38.56
Spain,ESP,2019,38.58
Spain,ESP,2020,40.72
Sri Lanka,LKA,2000,14.54
Sri Lanka,LKA,2001,14.39
Sri Lanka,LKA,2002,14.26
Sri Lanka,LKA,2003,13.63
Sri Lanka,LKA,2004,13.37
Sri Lanka,LKA,2005,14.69
Sri Lanka,LKA,2006,15.07
Sri Lanka,LKA,2007,14.53
Sri Lanka,LKA,2008,13.6
Sri Lanka,LKA,2009,13.11
Sri Lanka,LKA,2010,13.01
Sri Lanka,LKA,2011,13.16
Sri Lanka,LKA,2012,12.22
Sri Lanka,LKA,2013,12.02
Sri Lanka,LKA,2014,11.46
Sri Lanka,LKA,2015,13.34
Sri Lanka,LKA,2016,14.11
Sri Lanka,LKA,2017,13.8
Sri Lanka,LKA,2018,13.52
Sri Lanka,LKA,2019,12.65
Sri Lanka,LKA,2020,9.17
Sub-Saharan Africa (UN),,2000,21.51
Sub-Saharan Africa (UN),,2001,19.58
Sub-Saharan Africa (UN),,2002,19.89
Sub-Saharan Africa (UN),,2003,20.42
Sub-Saharan Africa (UN),,2004,21.02
Sub-Saharan Africa (UN),,2005,21.87
Sub-Saharan Africa (UN),,2006,27.76
Sub-Saharan Africa (UN),,2007,29.26
Sub-Saharan Africa (UN),,2008,25.36
Sub-Saharan Africa (UN),,2009,22.35
Sub-Saharan Africa (UN),,2010,23.89
Sub-Saharan Africa (UN),,2011,23.78
Sub-Saharan Africa (UN),,2012,23.25
Sub-Saharan Africa (UN),,2013,23.47
Sub-Saharan Africa (UN),,2014,23.78
Sub-Saharan Africa (UN),,2015,22.09
Sub-Saharan Africa (UN),,2016,21.78
Sub-Saharan Africa (UN),,2017,21.53
Sub-Saharan Africa (UN),,2018,21.28
Sub-Saharan Africa (UN),,2019,21.96
Sub-Saharan Africa (UN),,2020,20.69
Sudan,SDN,2009,14.94
Sudan,SDN,2010,12.13
Sudan,SDN,2011,11.89
Sudan,SDN,2012,9.82
Sudan,SDN,2013,10.92
Sudan,SDN,2014,11.62
Sudan,SDN,2015,10.54
Sudan,SDN,2016,9.05
Suriname,SUR,2001,25.04
Suriname,SUR,2002,21.3
Suriname,SUR,2003,21.92
Suriname,SUR,2004,21.67
Suriname,SUR,2005,22.95
Suriname,SUR,2006,24.15
Suriname,SUR,2007,29.38
Suriname,SUR,2008,24.28
Suriname,SUR,2009,27.68
Suriname,SUR,2010,21.73
Suriname,SUR,2011,24.48
Suriname,SUR,2012,25.66
Sweden,SWE,2000,55.33
Sweden,SWE,2001,53.07
Sweden,SWE,2002,51.25
Sweden,SWE,2003,51.6
Sweden,SWE,2004,51.68
Sweden,SWE,2005,53.11
Sweden,SWE,2006,52.2
Sweden,SWE,2007,51.66
Sweden,SWE,2008,50.91
Sweden,SWE,2009,50.48
Sweden,SWE,2010,49.29
Sweden,SWE,2011,48.39
Sweden,SWE,2012,48.78
Sweden,SWE,2013,49.14
Sweden,SWE,2014,48.14
Sweden,SWE,2015,48.39
Sweden,SWE,2016,49.78
Sweden,SWE,2017,49.65
Sweden,SWE,2018,49.6
Sweden,SWE,2019,48.62
Sweden,SWE,2020,48.66
Switzerland,CHE,2000,32.43
Switzerland,CHE,2001,31.71
Switzerland,CHE,2002,32.23
Switzerland,CHE,2003,31.76
Switzerland,CHE,2004,31.53
Switzerland,CHE,2005,31.59
Switzerland,CHE,2006,31.22
Switzerland,CHE,2007,30.84
Switzerland,CHE,2008,31.72
Switzerland,CHE,2009,32
Switzerland,CHE,2010,31.55
Switzerland,CHE,2011,31.87
Switzerland,CHE,2012,31.62
Switzerland,CHE,2013,31.81
Switzerland,CHE,2014,31.58
Switzerland,CHE,2015,32.63
Switzerland,CHE,2016,32.31
Switzerland,CHE,2017,33.13
Switzerland,CHE,2018,32.54
Switzerland,CHE,2019,32.82
Switzerland,CHE,2020,33.86
Tajikistan,TJK,2000,10.51
Tajikistan,TJK,2001,11.26
Tajikistan,TJK,2003,17.31
Tajikistan,TJK,2004,17.91
Tanzania,TZA,2009,18.66
Tanzania,TZA,2010,16.06
Tanzania,TZA,2011,14.96
Tanzania,TZA,2012,14.64
Tanzania,TZA,2013,15.66
Tanzania,TZA,2014,18.67
Tanzania,TZA,2015,14.22
Tanzania,TZA,2016,12.85
Tanzania,TZA,2017,14.49
Tanzania,TZA,2018,14.61
Thailand,THA,2000,16.79
Thailand,THA,2001,18.19
Thailand,THA,2002,17.6
Thailand,THA,2003,19.79
Thailand,THA,2004,19.86
Thailand,THA,2005,21.3
Thailand,THA,2006,20.24
Thailand,THA,2007,19.71
Thailand,THA,2008,20.12
Thailand,THA,2009,19.08
Thailand,THA,2010,20.58
Thailand,THA,2011,21.33
Thailand,THA,2012,20.38
Thailand,THA,2013,22.16
Thailand,THA,2014,21.33
Thailand,THA,2015,22.21
Thailand,THA,2016,21.4
Thailand,THA,2017,20.77
Thailand,THA,2018,21.21
Thailand,THA,2019,20.87
Thailand,THA,2020,20.66
Timor,TLS,2010,302.08
Timor,TLS,2011,365.63
Timor,TLS,2012,363.45
Timor,TLS,2013,258.49
Timor,TLS,2014,162.05
Timor,TLS,2015,101.5
Timor,TLS,2016,57.18
Timor,TLS,2017,61.61
Timor,TLS,2018,79.41
Timor,TLS,2019,91.58
Togo,TGO,2004,14.28
Togo,TGO,2005,13.59
Togo,TGO,2006,16.22
Togo,TGO,2007,17.55
Togo,TGO,2008,16.86
Togo,TGO,2009,20.01
Togo,TGO,2010,21.17
Togo,TGO,2011,21.99
Togo,TGO,2012,20.16
Togo,TGO,2013,22.47
Togo,TGO,2014,21.99
Togo,TGO,2015,22.75
Togo,TGO,2016,22.81
Togo,TGO,2017,21.89
Togo,TGO,2018,23.89
Togo,TGO,2019,23.35
Tonga,TON,2013,31.08
Tonga,TON,2014,37.96
Tonga,TON,2015,34.63
Tonga,TON,2016,39.64
Tonga,TON,2017,43.53
Tonga,TON,2018,42.68
Tonga,TON,2019,41.68
Trinidad and Tobago,TTO,2000,23.24
Trinidad and Tobago,TTO,2001,26.75
Trinidad and Tobago,TTO,2002,25.63
Trinidad and Tobago,TTO,2003,25.27
Trinidad and Tobago,TTO,2004,25.78
Trinidad and Tobago,TTO,2005,30.3
Trinidad and Tobago,TTO,2006,34.33
Trinidad and Tobago,TTO,2007,30.03
Trinidad and Tobago,TTO,2008,33.28
Trinidad and Tobago,TTO,2009,33.69
Trinidad and Tobago,TTO,2010,32.4
Trinidad and Tobago,TTO,2011,28.44
Trinidad and Tobago,TTO,2012,31.52
Trinidad and Tobago,TTO,2013,31.95
Trinidad and Tobago,TTO,2014,35.11
Trinidad and Tobago,TTO,2015,38.62
Trinidad and Tobago,TTO,2016,32.97
Trinidad and Tobago,TTO,2017,30.72
Trinidad and Tobago,TTO,2018,29.82
Tunisia,TUN,2000,26.59
Tunisia,TUN,2001,26.91
Tunisia,TUN,2002,27.54
Tunisia,TUN,2003,27.01
Tunisia,TUN,2004,26.69
Tunisia,TUN,2005,26.32
Tunisia,TUN,2006,26.52
Tunisia,TUN,2007,27.05
Tunisia,TUN,2008,30.12
Tunisia,TUN,2009,29.58
Tunisia,TUN,2010,29.74
Tunisia,TUN,2011,33.47
Tunisia,TUN,2012,32.79
Turkey,TUR,2000,20.18
Turkey,TUR,2001,20.76
Turkey,TUR,2006,23.82
Turkey,TUR,2007,24.65
Turkey,TUR,2008,32.04
Turkey,TUR,2009,32.78
Turkey,TUR,2010,33.17
Turkey,TUR,2011,32.29
Turkey,TUR,2012,32.37
Turkey,TUR,2013,32.4
Turkey,TUR,2014,31.76
Turkey,TUR,2015,31.92
Turkey,TUR,2016,32.32
Turkey,TUR,2017,30.79
Turkey,TUR,2018,31.74
Turkey,TUR,2019,31.83
Turkey,TUR,2020,31.54
Uganda,UGA,2000,12.52
Uganda,UGA,2001,18.41
Uganda,UGA,2002,16.77
Uganda,UGA,2003,15.73
Uganda,UGA,2004,14.47
Uganda,UGA,2005,13.93
Uganda,UGA,2006,12.44
Uganda,UGA,2007,11.45
Uganda,UGA,2008,10.33
Uganda,UGA,2009,9.54
Uganda,UGA,2010,10.07
Uganda,UGA,2011,10.51
Uganda,UGA,2012,10.02
Uganda,UGA,2013,9.9
Uganda,UGA,2014,9.82
Uganda,UGA,2015,12.26
Uganda,UGA,2016,12.5
Uganda,UGA,2017,12.77
Uganda,UGA,2018,12.47
Uganda,UGA,2019,13.94
Uganda,UGA,2020,13.65
Ukraine,UKR,2000,26.73
Ukraine,UKR,2001,35.28
Ukraine,UKR,2002,37.74
Ukraine,UKR,2003,38.05
Ukraine,UKR,2004,37.03
Ukraine,UKR,2005,41.64
Ukraine,UKR,2006,43.07
Ukraine,UKR,2007,41.64
Ukraine,UKR,2008,42.86
Ukraine,UKR,2009,42.2
Ukraine,UKR,2010,41.69
Ukraine,UKR,2011,42.87
Ukraine,UKR,2012,44.56
Ukraine,UKR,2013,43.32
Ukraine,UKR,2014,40.33
Ukraine,UKR,2015,41.83
Ukraine,UKR,2016,38.48
Ukraine,UKR,2017,40.24
Ukraine,UKR,2018,39.52
Ukraine,UKR,2019,39.37
Ukraine,UKR,2020,39.92
United Arab Emirates,ARE,2011,27.92
United Arab Emirates,ARE,2012,28.45
United Arab Emirates,ARE,2013,28.76
United Arab Emirates,ARE,2014,25.71
United Arab Emirates,ARE,2015,21.38
United Arab Emirates,ARE,2016,30.74
United Arab Emirates,ARE,2017,28.33
United Arab Emirates,ARE,2018,30.81
United Arab Emirates,ARE,2019,31.1
United Arab Emirates,ARE,2020,27.91
United Kingdom,GBR,2000,35.62
United Kingdom,GBR,2001,35.4
United Kingdom,GBR,2002,34.43
United Kingdom,GBR,2003,34.21
United Kingdom,GBR,2004,35.43
United Kingdom,GBR,2005,36.55
United Kingdom,GBR,2006,36.44
United Kingdom,GBR,2007,36.72
United Kingdom,GBR,2008,37.57
United Kingdom,GBR,2009,35.37
United Kingdom,GBR,2010,42.24
United Kingdom,GBR,2011,36.53
United Kingdom,GBR,2012,35.71
United Kingdom,GBR,2013,36.64
United Kingdom,GBR,2014,35.79
United Kingdom,GBR,2015,35.92
United Kingdom,GBR,2016,36.43
United Kingdom,GBR,2017,37.14
United Kingdom,GBR,2018,37.1
United Kingdom,GBR,2019,36.82
United Kingdom,GBR,2020,37.01
United States,USA,2000,34.95
United States,USA,2001,32.26
United States,USA,2002,29.88
United States,USA,2003,29.27
United States,USA,2004,29.48
United States,USA,2005,30.85
United States,USA,2006,31.66
United States,USA,2007,31.65
United States,USA,2008,30.53
United States,USA,2009,28.22
United States,USA,2010,28.77
United States,USA,2011,29.08
United States,USA,2012,29.11
United States,USA,2013,31.29
United States,USA,2014,31.38
United States,USA,2015,31.66
United States,USA,2016,31.18
United States,USA,2017,32.09
United States,USA,2018,30.07
United States,USA,2019,30.14
United States,USA,2020,30.67
Uruguay,URY,2000,22.72
Uruguay,URY,2001,22.87
Uruguay,URY,2002,22.81
Uruguay,URY,2003,22.89
Uruguay,URY,2004,23.57
Uruguay,URY,2005,24.24
Uruguay,URY,2006,25.19
Uruguay,URY,2007,24.4
Uruguay,URY,2008,24.4
Uruguay,URY,2009,26.91
Uruguay,URY,2010,27.53
Uruguay,URY,2011,27.64
Uruguay,URY,2012,27.56
Uruguay,URY,2013,28.64
Uruguay,URY,2014,28.4
Uruguay,URY,2015,28.03
Uruguay,URY,2016,33.25
Uruguay,URY,2017,30.06
Uruguay,URY,2018,31.76
Uruguay,URY,2019,31.14
Uruguay,URY,2020,30.81
Uzbekistan,UZB,2011,29.96
Uzbekistan,UZB,2012,31.81
Uzbekistan,UZB,2013,28.6
Uzbekistan,UZB,2014,27.56
Uzbekistan,UZB,2015,26.18
Uzbekistan,UZB,2016,26.14
Uzbekistan,UZB,2017,23.29
Uzbekistan,UZB,2018,26.7
Uzbekistan,UZB,2019,26.91
Uzbekistan,UZB,2020,26.07
Vanuatu,VUT,2009,26.72
Vanuatu,VUT,2010,25.72
Vanuatu,VUT,2011,25.32
Vanuatu,VUT,2012,22.73
Vanuatu,VUT,2013,22.59
Vanuatu,VUT,2014,24.18
Vanuatu,VUT,2015,33.73
Vanuatu,VUT,2016,34.81
Vanuatu,VUT,2017,34.2
Vanuatu,VUT,2018,38.46
Vanuatu,VUT,2019,41.9
Vanuatu,VUT,2020,38.88
Vietnam,VNM,2000,20.36
Vietnam,VNM,2001,21.39
Vietnam,VNM,2002,22.51
Vietnam,VNM,2003,23.31
Vietnam,VNM,2004,22.5
Vietnam,VNM,2005,23.29
Vietnam,VNM,2006,24.69
Vietnam,VNM,2007,23.8
Vietnam,VNM,2008,24.61
Vietnam,VNM,2009,22.95
Vietnam,VNM,2010,24.88
Vietnam,VNM,2011,24.01
Vietnam,VNM,2012,21.2
Vietnam,VNM,2013,21.82
World,OWID_WRL,2000,29.74
World,OWID_WRL,2001,27.57
World,OWID_WRL,2002,27.93
World,OWID_WRL,2003,28.09
World,OWID_WRL,2004,28.44
World,OWID_WRL,2005,28.8
World,OWID_WRL,2006,30.4
World,OWID_WRL,2007,31.26
World,OWID_WRL,2008,31.55
World,OWID_WRL,2009,30.08
World,OWID_WRL,2010,32.31
World,OWID_WRL,2011,33.05
World,OWID_WRL,2012,32.85
World,OWID_WRL,2013,32.79
World,OWID_WRL,2014,32.74
World,OWID_WRL,2015,31.15
World,OWID_WRL,2016,30.73
World,OWID_WRL,2017,30.78
World,OWID_WRL,2018,31.57
World,OWID_WRL,2019,32.73
World,OWID_WRL,2020,32.76
Zambia,ZMB,2001,17.52
Zambia,ZMB,2002,15.74
Zambia,ZMB,2003,20.75
Zambia,ZMB,2004,21.33
Zambia,ZMB,2005,21.44
Zambia,ZMB,2006,17.76
Zambia,ZMB,2007,21.65
Zambia,ZMB,2008,17.78
Zambia,ZMB,2009,16.46
Zambia,ZMB,2010,16.59
Zambia,ZMB,2011,21.06
Zambia,ZMB,2012,18.31
Zambia,ZMB,2013,17.7
Zambia,ZMB,2014,18.72
Zambia,ZMB,2015,19.86
Zambia,ZMB,2016,19.82
Zambia,ZMB,2017,19.78
Zambia,ZMB,2018,20.42
Zambia,ZMB,2019,20.74
Zambia,ZMB,2020,19.96
Zimbabwe,ZWE,2009,9.77
Zimbabwe,ZWE,2010,19.41
Zimbabwe,ZWE,2011,20.67
Zimbabwe,ZWE,2012,20.39
Zimbabwe,ZWE,2015,19
Zimbabwe,ZWE,2016,16.98
Zimbabwe,ZWE,2017,13.9
Zimbabwe,ZWE,2018,13.2